day,LGAV,LGRP,LGSA,LGIR,LGTS,LGKO
2019-01-01 00:00:00+00:00,128.0,,4.0,10.0,,
2019-01-02 00:00:00+00:00,175.0,,4.0,11.0,,
2019-01-03 00:00:00+00:00,170.0,,4.0,12.0,,
2019-01-04 00:00:00+00:00,185.0,,4.0,15.0,,
2019-01-05 00:00:00+00:00,163.0,,4.0,11.0,,
2019-01-06 00:00:00+00:00,178.0,,5.0,13.0,,
2019-01-07 00:00:00+00:00,165.0,,6.0,13.0,,
2019-01-08 00:00:00+00:00,142.0,,4.0,12.0,,
2019-01-09 00:00:00+00:00,163.0,,5.0,11.0,,
2019-01-10 00:00:00+00:00,162.0,,4.0,9.0,,
2019-01-11 00:00:00+00:00,169.0,,2.0,15.0,,
2019-01-12 00:00:00+00:00,140.0,,2.0,15.0,,
2019-01-13 00:00:00+00:00,147.0,,2.0,13.0,,
2019-01-14 00:00:00+00:00,145.0,,2.0,13.0,,
2019-01-15 00:00:00+00:00,127.0,,2.0,11.0,,
2019-01-16 00:00:00+00:00,146.0,,3.0,9.0,,
2019-01-17 00:00:00+00:00,148.0,,2.0,14.0,,
2019-01-18 00:00:00+00:00,161.0,,2.0,12.0,,
2019-01-19 00:00:00+00:00,135.0,,3.0,7.0,,
2019-01-20 00:00:00+00:00,148.0,,4.0,12.0,,
2019-01-21 00:00:00+00:00,160.0,,6.0,13.0,,
2019-01-22 00:00:00+00:00,62.0,,3.0,10.0,,
2019-01-23 00:00:00+00:00,42.0,,4.0,15.0,,
2019-01-24 00:00:00+00:00,57.0,,4.0,12.0,,
2019-01-25 00:00:00+00:00,72.0,,4.0,10.0,,
2019-01-26 00:00:00+00:00,123.0,,5.0,12.0,,
2019-01-27 00:00:00+00:00,102.0,,5.0,13.0,,
2019-01-28 00:00:00+00:00,33.0,,5.0,11.0,,
2019-01-29 00:00:00+00:00,28.0,,6.0,10.0,,
2019-01-30 00:00:00+00:00,24.0,,6.0,12.0,,
2019-01-31 00:00:00+00:00,20.0,,6.0,10.0,,
2019-02-01 00:00:00+00:00,34.0,,7.0,15.0,,
2019-02-02 00:00:00+00:00,47.0,,5.0,10.0,,
2019-02-03 00:00:00+00:00,78.0,6.0,5.0,13.0,,
2019-02-04 00:00:00+00:00,110.0,4.0,2.0,14.0,,2.0
2019-02-05 00:00:00+00:00,150.0,6.0,2.0,9.0,,2.0
2019-02-06 00:00:00+00:00,153.0,8.0,3.0,11.0,,2.0
2019-02-07 00:00:00+00:00,157.0,6.0,4.0,15.0,,2.0
2019-02-08 00:00:00+00:00,165.0,5.0,6.0,14.0,,2.0
2019-02-09 00:00:00+00:00,138.0,5.0,4.0,11.0,,2.0
2019-02-10 00:00:00+00:00,157.0,6.0,5.0,11.0,,2.0
2019-02-11 00:00:00+00:00,156.0,5.0,6.0,16.0,,2.0
2019-02-12 00:00:00+00:00,137.0,6.0,4.0,11.0,,2.0
2019-02-13 00:00:00+00:00,149.0,5.0,4.0,16.0,,2.0
2019-02-14 00:00:00+00:00,153.0,6.0,5.0,9.0,,2.0
2019-02-15 00:00:00+00:00,172.0,4.0,5.0,14.0,,2.0
2019-02-16 00:00:00+00:00,140.0,5.0,5.0,12.0,,2.0
2019-02-17 00:00:00+00:00,160.0,7.0,4.0,10.0,1.0,2.0
2019-02-18 00:00:00+00:00,174.0,6.0,4.0,15.0,1.0,2.0
2019-02-19 00:00:00+00:00,149.0,7.0,6.0,17.0,1.0,2.0
2019-02-20 00:00:00+00:00,152.0,4.0,7.0,19.0,1.0,2.0
2019-02-21 00:00:00+00:00,153.0,5.0,5.0,9.0,1.0,2.0
2019-02-22 00:00:00+00:00,150.0,6.0,6.0,12.0,1.0,2.0
2019-02-23 00:00:00+00:00,147.0,6.0,4.0,11.0,1.0,2.0
2019-02-24 00:00:00+00:00,171.0,5.0,3.0,14.0,1.0,3.0
2019-02-25 00:00:00+00:00,163.0,5.0,3.0,12.0,1.0,2.0
2019-02-26 00:00:00+00:00,160.0,4.0,2.0,3.0,1.0,2.0
2019-02-27 00:00:00+00:00,163.0,4.0,2.0,3.0,1.0,2.0
2019-02-28 00:00:00+00:00,168.0,6.0,2.0,4.0,1.0,2.0
2019-03-01 00:00:00+00:00,175.0,7.0,2.0,6.0,1.0,2.0
2019-03-02 00:00:00+00:00,147.0,5.0,3.0,8.0,1.0,2.0
2019-03-03 00:00:00+00:00,160.0,6.0,5.0,12.0,1.0,2.0
2019-03-04 00:00:00+00:00,163.0,5.0,4.0,18.0,1.0,2.0
2019-03-05 00:00:00+00:00,153.0,5.0,4.0,20.0,1.0,2.0
2019-03-06 00:00:00+00:00,164.0,6.0,5.0,21.0,1.0,2.0
2019-03-07 00:00:00+00:00,166.0,8.0,4.0,12.0,1.0,3.0
2019-03-08 00:00:00+00:00,181.0,7.0,4.0,13.0,1.0,2.0
2019-03-09 00:00:00+00:00,154.0,5.0,4.0,11.0,1.0,2.0
2019-03-10 00:00:00+00:00,98.0,6.0,5.0,14.0,1.0,2.0
2019-03-11 00:00:00+00:00,97.0,5.0,5.0,13.0,1.0,2.0
2019-03-12 00:00:00+00:00,96.0,5.0,3.0,12.0,1.0,2.0
2019-03-13 00:00:00+00:00,172.0,5.0,2.0,12.0,1.0,2.0
2019-03-14 00:00:00+00:00,170.0,5.0,3.0,6.0,1.0,2.0
2019-03-15 00:00:00+00:00,167.0,6.0,3.0,8.0,1.0,2.0
2019-03-16 00:00:00+00:00,68.0,5.0,4.0,11.0,1.0,2.0
2019-03-17 00:00:00+00:00,74.0,6.0,5.0,10.0,1.0,2.0
2019-03-18 00:00:00+00:00,80.0,6.0,6.0,10.0,1.0,2.0
2019-03-19 00:00:00+00:00,127.0,4.0,4.0,7.0,1.0,2.0
2019-03-20 00:00:00+00:00,173.0,4.0,4.0,10.0,1.0,2.0
2019-03-21 00:00:00+00:00,165.0,5.0,4.0,6.0,1.0,2.0
2019-03-22 00:00:00+00:00,186.0,6.0,5.0,9.0,1.0,2.0
2019-03-23 00:00:00+00:00,158.0,4.0,6.0,13.0,1.0,2.0
2019-03-24 00:00:00+00:00,167.0,4.0,4.0,9.0,1.0,2.0
2019-03-25 00:00:00+00:00,144.0,4.0,5.0,10.0,1.0,2.0
2019-03-26 00:00:00+00:00,163.0,5.0,4.0,13.0,1.0,2.0
2019-03-27 00:00:00+00:00,175.0,4.0,5.0,9.0,1.0,2.0
2019-03-28 00:00:00+00:00,162.0,5.0,5.0,16.0,1.0,2.0
2019-03-29 00:00:00+00:00,189.0,6.0,5.0,24.0,1.0,2.0
2019-03-30 00:00:00+00:00,163.0,6.0,6.0,11.0,1.0,3.0
2019-03-31 00:00:00+00:00,189.0,7.0,7.0,14.0,1.0,4.0
2019-04-01 00:00:00+00:00,199.0,9.0,10.0,21.0,1.0,6.0
2019-04-02 00:00:00+00:00,183.0,11.0,9.0,16.0,1.0,6.0
2019-04-03 00:00:00+00:00,196.0,17.0,14.0,26.0,1.0,5.0
2019-04-04 00:00:00+00:00,192.0,9.0,12.0,18.0,1.0,2.0
2019-04-05 00:00:00+00:00,129.0,10.0,10.0,31.0,1.0,3.0
2019-04-06 00:00:00+00:00,191.0,16.0,16.0,44.0,1.0,3.0
2019-04-07 00:00:00+00:00,103.0,21.0,11.0,25.0,1.0,5.0
2019-04-08 00:00:00+00:00,51.0,8.0,12.0,32.0,1.0,4.0
2019-04-09 00:00:00+00:00,60.0,12.0,13.0,21.0,1.0,4.0
2019-04-10 00:00:00+00:00,68.0,15.0,14.0,37.0,1.0,4.0
2019-04-11 00:00:00+00:00,107.0,12.0,14.0,27.0,1.0,5.0
2019-04-12 00:00:00+00:00,146.0,20.0,15.0,44.0,1.0,6.0
2019-04-13 00:00:00+00:00,216.0,27.0,26.0,60.0,1.0,8.0
2019-04-14 00:00:00+00:00,177.0,42.0,14.0,35.0,1.0,13.0
2019-04-15 00:00:00+00:00,216.0,11.0,10.0,44.0,1.0,4.0
2019-04-16 00:00:00+00:00,206.0,19.0,13.0,49.0,1.0,5.0
2019-04-17 00:00:00+00:00,128.0,22.0,8.0,43.0,1.0,8.0
2019-04-18 00:00:00+00:00,217.0,36.0,13.0,53.0,1.0,11.0
2019-04-19 00:00:00+00:00,215.0,40.0,18.0,42.0,1.0,12.0
2019-04-20 00:00:00+00:00,214.0,43.0,26.0,72.0,1.0,12.0
2019-04-21 00:00:00+00:00,212.0,68.0,22.0,52.0,1.0,18.0
2019-04-22 00:00:00+00:00,104.0,47.0,17.0,53.0,1.0,6.0
2019-04-23 00:00:00+00:00,120.0,26.0,12.0,40.0,1.0,9.0
2019-04-24 00:00:00+00:00,154.0,35.0,8.0,53.0,1.0,12.0
2019-04-25 00:00:00+00:00,208.0,34.0,12.0,61.0,1.0,15.0
2019-04-26 00:00:00+00:00,217.0,35.0,16.0,62.0,1.0,22.0
2019-04-27 00:00:00+00:00,204.0,52.0,23.0,92.0,1.0,28.0
2019-04-28 00:00:00+00:00,192.0,77.0,34.0,81.0,1.0,19.0
2019-04-29 00:00:00+00:00,49.0,56.0,15.0,62.0,1.0,13.0
2019-04-30 00:00:00+00:00,64.0,36.0,15.0,47.0,1.0,19.0
2019-05-01 00:00:00+00:00,79.0,52.0,16.0,77.0,1.0,25.0
2019-05-02 00:00:00+00:00,108.0,46.0,21.0,70.0,1.0,24.0
2019-05-03 00:00:00+00:00,141.0,41.0,29.0,67.0,1.0,35.0
2019-05-04 00:00:00+00:00,194.0,62.0,15.0,92.0,1.0,46.0
2019-05-05 00:00:00+00:00,248.0,76.0,18.0,104.0,1.0,33.0
2019-05-06 00:00:00+00:00,228.0,60.0,21.0,79.0,1.0,20.0
2019-05-07 00:00:00+00:00,191.0,43.0,18.0,76.0,1.0,18.0
2019-05-08 00:00:00+00:00,233.0,59.0,17.0,78.0,1.0,24.0
2019-05-09 00:00:00+00:00,222.0,48.0,26.0,72.0,1.0,27.0
2019-05-10 00:00:00+00:00,211.0,50.0,23.0,76.0,1.0,38.0
2019-05-11 00:00:00+00:00,222.0,70.0,32.0,87.0,1.0,48.0
2019-05-12 00:00:00+00:00,223.0,86.0,42.0,108.0,1.0,31.0
2019-05-13 00:00:00+00:00,228.0,65.0,16.0,59.0,1.0,23.0
2019-05-14 00:00:00+00:00,174.0,44.0,14.0,66.0,1.0,26.0
2019-05-15 00:00:00+00:00,226.0,53.0,14.0,63.0,1.0,30.0
2019-05-16 00:00:00+00:00,230.0,52.0,25.0,75.0,1.0,26.0
2019-05-17 00:00:00+00:00,234.0,49.0,40.0,78.0,1.0,43.0
2019-05-18 00:00:00+00:00,223.0,80.0,55.0,99.0,1.0,60.0
2019-05-19 00:00:00+00:00,196.0,88.0,39.0,111.0,1.0,31.0
2019-05-20 00:00:00+00:00,239.0,70.0,16.0,78.0,1.0,24.0
2019-05-21 00:00:00+00:00,208.0,52.0,19.0,76.0,1.0,23.0
2019-05-22 00:00:00+00:00,231.0,55.0,24.0,73.0,1.0,24.0
2019-05-23 00:00:00+00:00,241.0,56.0,28.0,82.0,1.0,28.0
2019-05-24 00:00:00+00:00,243.0,55.0,44.0,80.0,1.0,43.0
2019-05-25 00:00:00+00:00,190.0,86.0,59.0,107.0,1.0,58.0
2019-05-26 00:00:00+00:00,237.0,87.0,17.0,121.0,1.0,36.0
2019-05-27 00:00:00+00:00,221.0,35.0,22.0,84.0,1.0,27.0
2019-05-28 00:00:00+00:00,213.0,57.0,27.0,87.0,1.0,39.0
2019-05-29 00:00:00+00:00,240.0,74.0,24.0,96.0,1.0,35.0
2019-05-30 00:00:00+00:00,202.0,63.0,22.0,76.0,1.0,29.0
2019-05-31 00:00:00+00:00,243.0,61.0,13.0,61.0,1.0,44.0
2019-06-01 00:00:00+00:00,192.0,89.0,4.0,46.0,1.0,60.0
2019-06-02 00:00:00+00:00,98.0,98.0,6.0,32.0,1.0,34.0
2019-06-03 00:00:00+00:00,164.0,44.0,8.0,17.0,1.0,27.0
2019-06-04 00:00:00+00:00,231.0,69.0,10.0,28.0,1.0,42.0
2019-06-05 00:00:00+00:00,189.0,77.0,16.0,40.0,1.0,37.0
2019-06-06 00:00:00+00:00,147.0,67.0,27.0,69.0,1.0,30.0
2019-06-07 00:00:00+00:00,261.0,66.0,47.0,99.0,1.0,40.0
2019-06-08 00:00:00+00:00,257.0,102.0,66.0,116.0,1.0,62.0
2019-06-09 00:00:00+00:00,255.0,96.0,38.0,92.0,1.0,37.0
2019-06-10 00:00:00+00:00,266.0,58.0,20.0,95.0,1.0,28.0
2019-06-11 00:00:00+00:00,216.0,80.0,26.0,99.0,1.0,47.0
2019-06-12 00:00:00+00:00,207.0,82.0,29.0,112.0,1.0,41.0
2019-06-13 00:00:00+00:00,245.0,71.0,33.0,102.0,1.0,36.0
2019-06-14 00:00:00+00:00,250.0,70.0,50.0,104.0,1.0,44.0
2019-06-15 00:00:00+00:00,254.0,100.0,66.0,128.0,1.0,65.0
2019-06-16 00:00:00+00:00,252.0,102.0,47.0,134.0,1.0,34.0
2019-06-17 00:00:00+00:00,249.0,63.0,22.0,104.0,1.0,32.0
2019-06-18 00:00:00+00:00,250.0,76.0,26.0,98.0,1.0,44.0
2019-06-19 00:00:00+00:00,262.0,91.0,23.0,113.0,1.0,39.0
2019-06-20 00:00:00+00:00,270.0,73.0,38.0,99.0,1.0,37.0
2019-06-21 00:00:00+00:00,267.0,72.0,51.0,109.0,1.0,46.0
2019-06-22 00:00:00+00:00,270.0,104.0,64.0,122.0,1.0,66.0
2019-06-23 00:00:00+00:00,284.0,103.0,52.0,143.0,1.0,39.0
2019-06-24 00:00:00+00:00,283.0,57.0,28.0,105.0,1.0,38.0
2019-06-25 00:00:00+00:00,274.0,81.0,25.0,105.0,1.0,45.0
2019-06-26 00:00:00+00:00,269.0,92.0,27.0,121.0,1.0,41.0
2019-06-27 00:00:00+00:00,266.0,73.0,36.0,108.0,1.0,38.0
2019-06-28 00:00:00+00:00,272.0,76.0,42.0,104.0,1.0,46.0
2019-06-29 00:00:00+00:00,278.0,99.0,63.0,145.0,1.0,61.0
2019-06-30 00:00:00+00:00,288.0,111.0,54.0,147.0,1.0,38.0
2019-07-01 00:00:00+00:00,291.0,63.0,42.0,109.0,1.0,38.0
2019-07-02 00:00:00+00:00,279.0,86.0,31.0,104.0,1.0,48.0
2019-07-03 00:00:00+00:00,276.0,98.0,29.0,124.0,1.0,45.0
2019-07-04 00:00:00+00:00,292.0,78.0,39.0,115.0,1.0,40.0
2019-07-05 00:00:00+00:00,268.0,86.0,47.0,120.0,1.0,48.0
2019-07-06 00:00:00+00:00,274.0,94.0,44.0,133.0,1.0,56.0
2019-07-07 00:00:00+00:00,205.0,114.0,50.0,146.0,1.0,41.0
2019-07-08 00:00:00+00:00,231.0,59.0,32.0,110.0,1.0,36.0
2019-07-09 00:00:00+00:00,286.0,86.0,30.0,116.0,1.0,49.0
2019-07-10 00:00:00+00:00,266.0,88.0,26.0,127.0,1.0,42.0
2019-07-11 00:00:00+00:00,294.0,79.0,34.0,116.0,1.0,40.0
2019-07-12 00:00:00+00:00,294.0,79.0,42.0,111.0,1.0,49.0
2019-07-13 00:00:00+00:00,273.0,104.0,64.0,142.0,1.0,69.0
2019-07-14 00:00:00+00:00,282.0,104.0,58.0,151.0,1.0,41.0
2019-07-15 00:00:00+00:00,289.0,67.0,32.0,112.0,1.0,38.0
2019-07-16 00:00:00+00:00,281.0,94.0,7.0,113.0,1.0,50.0
2019-07-17 00:00:00+00:00,260.0,95.0,10.0,82.0,1.0,43.0
2019-07-18 00:00:00+00:00,276.0,75.0,6.0,84.0,1.0,42.0
2019-07-19 00:00:00+00:00,292.0,85.0,5.0,87.0,1.0,51.0
2019-07-20 00:00:00+00:00,288.0,111.0,4.0,89.0,1.0,72.0
2019-07-21 00:00:00+00:00,296.0,105.0,6.0,92.0,1.0,43.0
2019-07-22 00:00:00+00:00,283.0,62.0,9.0,94.0,1.0,35.0
2019-07-23 00:00:00+00:00,274.0,84.0,15.0,97.0,1.0,53.0
2019-07-24 00:00:00+00:00,282.0,99.0,22.0,99.0,1.0,39.0
2019-07-25 00:00:00+00:00,296.0,81.0,36.0,116.0,1.0,44.0
2019-07-26 00:00:00+00:00,287.0,86.0,46.0,114.0,1.0,48.0
2019-07-27 00:00:00+00:00,287.0,116.0,67.0,145.0,1.0,75.0
2019-07-28 00:00:00+00:00,202.0,111.0,51.0,157.0,1.0,46.0
2019-07-29 00:00:00+00:00,214.0,65.0,30.0,117.0,1.0,37.0
2019-07-30 00:00:00+00:00,276.0,94.0,18.0,124.0,1.0,52.0
2019-07-31 00:00:00+00:00,288.0,105.0,23.0,130.0,1.0,46.0
2019-08-01 00:00:00+00:00,303.0,87.0,38.0,124.0,1.0,41.0
2019-08-02 00:00:00+00:00,292.0,82.0,50.0,70.0,1.0,50.0
2019-08-03 00:00:00+00:00,283.0,49.0,62.0,119.0,1.0,27.0
2019-08-04 00:00:00+00:00,274.0,66.0,58.0,156.0,1.0,34.0
2019-08-05 00:00:00+00:00,282.0,83.0,25.0,127.0,1.0,42.0
2019-08-06 00:00:00+00:00,289.0,100.0,31.0,114.0,1.0,49.0
2019-08-07 00:00:00+00:00,276.0,107.0,27.0,136.0,1.0,43.0
2019-08-08 00:00:00+00:00,292.0,85.0,40.0,119.0,1.0,43.0
2019-08-09 00:00:00+00:00,288.0,87.0,21.0,110.0,1.0,50.0
2019-08-10 00:00:00+00:00,280.0,115.0,12.0,100.0,1.0,76.0
2019-08-11 00:00:00+00:00,275.0,109.0,10.0,91.0,1.0,46.0
2019-08-12 00:00:00+00:00,295.0,62.0,8.0,81.0,1.0,39.0
2019-08-13 00:00:00+00:00,263.0,91.0,14.0,72.0,1.0,51.0
2019-08-14 00:00:00+00:00,234.0,100.0,20.0,62.0,1.0,44.0
2019-08-15 00:00:00+00:00,287.0,89.0,29.0,89.0,1.0,40.0
2019-08-16 00:00:00+00:00,289.0,90.0,38.0,116.0,1.0,48.0
2019-08-17 00:00:00+00:00,290.0,112.0,21.0,141.0,1.0,72.0
2019-08-18 00:00:00+00:00,289.0,105.0,19.0,148.0,1.0,41.0
2019-08-19 00:00:00+00:00,280.0,59.0,18.0,114.0,1.0,34.0
2019-08-20 00:00:00+00:00,279.0,93.0,25.0,108.0,1.0,52.0
2019-08-21 00:00:00+00:00,270.0,100.0,24.0,138.0,1.0,45.0
2019-08-22 00:00:00+00:00,301.0,80.0,34.0,119.0,1.0,42.0
2019-08-23 00:00:00+00:00,277.0,84.0,44.0,113.0,1.0,45.0
2019-08-24 00:00:00+00:00,289.0,110.0,63.0,153.0,1.0,79.0
2019-08-25 00:00:00+00:00,293.0,103.0,52.0,154.0,1.0,41.0
2019-08-26 00:00:00+00:00,269.0,56.0,26.0,112.0,1.0,33.0
2019-08-27 00:00:00+00:00,288.0,95.0,24.0,58.0,1.0,50.0
2019-08-28 00:00:00+00:00,267.0,91.0,22.0,88.0,1.0,46.0
2019-08-29 00:00:00+00:00,299.0,82.0,32.0,117.0,1.0,39.0
2019-08-30 00:00:00+00:00,292.0,80.0,48.0,114.0,1.0,49.0
2019-08-31 00:00:00+00:00,300.0,119.0,64.0,141.0,1.0,75.0
2019-09-01 00:00:00+00:00,276.0,103.0,47.0,151.0,1.0,41.0
2019-09-02 00:00:00+00:00,267.0,57.0,24.0,107.0,1.0,35.0
2019-09-03 00:00:00+00:00,271.0,89.0,28.0,103.0,1.0,47.0
2019-09-04 00:00:00+00:00,259.0,87.0,27.0,116.0,1.0,40.0
2019-09-05 00:00:00+00:00,274.0,78.0,28.0,104.0,1.0,35.0
2019-09-06 00:00:00+00:00,266.0,79.0,42.0,103.0,1.0,42.0
2019-09-07 00:00:00+00:00,280.0,116.0,57.0,132.0,1.0,66.0
2019-09-08 00:00:00+00:00,267.0,105.0,52.0,144.0,1.0,39.0
2019-09-09 00:00:00+00:00,252.0,48.0,20.0,109.0,1.0,33.0
2019-09-10 00:00:00+00:00,250.0,80.0,24.0,100.0,1.0,45.0
2019-09-11 00:00:00+00:00,254.0,86.0,28.0,120.0,1.0,40.0
2019-09-12 00:00:00+00:00,267.0,69.0,30.0,103.0,1.0,34.0
2019-09-13 00:00:00+00:00,253.0,83.0,34.0,105.0,1.0,44.0
2019-09-14 00:00:00+00:00,261.0,104.0,59.0,125.0,1.0,67.0
2019-09-15 00:00:00+00:00,262.0,107.0,54.0,138.0,1.0,37.0
2019-09-16 00:00:00+00:00,267.0,51.0,21.0,105.0,1.0,31.0
2019-09-17 00:00:00+00:00,231.0,76.0,22.0,103.0,1.0,44.0
2019-09-18 00:00:00+00:00,245.0,82.0,26.0,122.0,1.0,39.0
2019-09-19 00:00:00+00:00,257.0,71.0,31.0,106.0,1.0,34.0
2019-09-20 00:00:00+00:00,253.0,72.0,20.0,105.0,1.0,42.0
2019-09-21 00:00:00+00:00,92.0,34.0,8.0,104.0,1.0,26.0
2019-09-22 00:00:00+00:00,82.0,42.0,13.0,102.0,1.0,26.0
2019-09-23 00:00:00+00:00,118.0,50.0,19.0,101.0,1.0,27.0
2019-09-24 00:00:00+00:00,154.0,75.0,27.0,100.0,1.0,42.0
2019-09-25 00:00:00+00:00,234.0,79.0,20.0,116.0,1.0,38.0
2019-09-26 00:00:00+00:00,247.0,67.0,33.0,100.0,1.0,35.0
2019-09-27 00:00:00+00:00,260.0,71.0,36.0,108.0,1.0,40.0
2019-09-28 00:00:00+00:00,254.0,101.0,51.0,133.0,1.0,65.0
2019-09-29 00:00:00+00:00,246.0,89.0,45.0,138.0,1.0,33.0
2019-09-30 00:00:00+00:00,232.0,47.0,22.0,99.0,1.0,25.0
2019-10-01 00:00:00+00:00,219.0,75.0,25.0,97.0,1.0,40.0
2019-10-02 00:00:00+00:00,192.0,66.0,25.0,102.0,1.0,34.0
2019-10-03 00:00:00+00:00,153.0,56.0,14.0,92.0,1.0,27.0
2019-10-04 00:00:00+00:00,140.0,50.0,24.0,89.0,1.0,41.0
2019-10-05 00:00:00+00:00,126.0,82.0,34.0,107.0,1.0,55.0
2019-10-06 00:00:00+00:00,195.0,92.0,49.0,125.0,1.0,29.0
2019-10-07 00:00:00+00:00,231.0,40.0,36.0,76.0,1.0,23.0
2019-10-08 00:00:00+00:00,211.0,60.0,22.0,82.0,1.0,29.0
2019-10-09 00:00:00+00:00,211.0,56.0,20.0,82.0,1.0,34.0
2019-10-10 00:00:00+00:00,220.0,56.0,18.0,73.0,1.0,27.0
2019-10-11 00:00:00+00:00,230.0,47.0,32.0,86.0,1.0,29.0
2019-10-12 00:00:00+00:00,233.0,75.0,45.0,99.0,1.0,48.0
2019-10-13 00:00:00+00:00,223.0,88.0,18.0,51.0,1.0,29.0
2019-10-14 00:00:00+00:00,223.0,72.0,20.0,62.0,1.0,22.0
2019-10-15 00:00:00+00:00,209.0,55.0,22.0,73.0,1.0,21.0
2019-10-16 00:00:00+00:00,211.0,41.0,18.0,78.0,1.0,30.0
2019-10-17 00:00:00+00:00,221.0,52.0,21.0,79.0,1.0,26.0
2019-10-18 00:00:00+00:00,198.0,41.0,28.0,90.0,1.0,34.0
2019-10-19 00:00:00+00:00,226.0,73.0,20.0,70.0,1.0,41.0
2019-10-20 00:00:00+00:00,212.0,77.0,12.0,51.0,1.0,26.0
2019-10-21 00:00:00+00:00,231.0,29.0,17.0,77.0,1.0,18.0
2019-10-22 00:00:00+00:00,212.0,48.0,19.0,64.0,1.0,23.0
2019-10-23 00:00:00+00:00,212.0,38.0,13.0,66.0,1.0,27.0
2019-10-24 00:00:00+00:00,222.0,42.0,16.0,34.0,1.0,19.0
2019-10-25 00:00:00+00:00,219.0,50.0,19.0,59.0,1.0,28.0
2019-10-26 00:00:00+00:00,226.0,58.0,30.0,84.0,1.0,38.0
2019-10-27 00:00:00+00:00,180.0,42.0,10.0,80.0,1.0,19.0
2019-10-28 00:00:00+00:00,201.0,16.0,10.0,51.0,1.0,10.0
2019-10-29 00:00:00+00:00,167.0,12.0,16.0,43.0,1.0,12.0
2019-10-30 00:00:00+00:00,187.0,19.0,9.0,27.0,1.0,15.0
2019-10-31 00:00:00+00:00,196.0,24.0,8.0,36.0,1.0,5.0
2019-11-01 00:00:00+00:00,190.0,30.0,7.0,29.0,1.0,4.0
2019-11-02 00:00:00+00:00,177.0,37.0,5.0,21.0,1.0,6.0
2019-11-03 00:00:00+00:00,190.0,22.0,4.0,14.0,1.0,7.0
2019-11-04 00:00:00+00:00,177.0,8.0,7.0,20.0,1.0,3.0
2019-11-05 00:00:00+00:00,147.0,5.0,10.0,15.0,1.0,4.0
2019-11-06 00:00:00+00:00,92.0,4.0,4.0,17.0,1.0,4.0
2019-11-07 00:00:00+00:00,108.0,5.0,4.0,12.0,1.0,5.0
2019-11-08 00:00:00+00:00,125.0,5.0,5.0,13.0,1.0,8.0
2019-11-09 00:00:00+00:00,159.0,6.0,4.0,17.0,1.0,4.0
2019-11-10 00:00:00+00:00,169.0,5.0,2.0,13.0,1.0,3.0
2019-11-11 00:00:00+00:00,179.0,5.0,3.0,8.0,1.0,3.0
2019-11-12 00:00:00+00:00,158.0,4.0,4.0,10.0,1.0,2.0
2019-11-13 00:00:00+00:00,167.0,4.0,4.0,12.0,1.0,3.0
2019-11-14 00:00:00+00:00,177.0,5.0,4.0,13.0,1.0,4.0
2019-11-15 00:00:00+00:00,186.0,5.0,6.0,15.0,1.0,4.0
2019-11-16 00:00:00+00:00,169.0,5.0,4.0,12.0,1.0,2.0
2019-11-17 00:00:00+00:00,175.0,5.0,3.0,9.0,1.0,3.0
2019-11-18 00:00:00+00:00,111.0,4.0,4.0,16.0,1.0,2.0
2019-11-19 00:00:00+00:00,156.0,4.0,5.0,18.0,1.0,2.0
2019-11-20 00:00:00+00:00,156.0,6.0,5.0,14.0,1.0,2.0
2019-11-21 00:00:00+00:00,173.0,4.0,3.0,12.0,1.0,3.0
2019-11-22 00:00:00+00:00,133.0,5.0,3.0,16.0,1.0,4.0
2019-11-23 00:00:00+00:00,140.0,6.0,3.0,16.0,1.0,3.0
2019-11-24 00:00:00+00:00,167.0,7.0,4.0,12.0,1.0,2.0
2019-11-25 00:00:00+00:00,161.0,8.0,5.0,17.0,1.0,2.0
2019-11-26 00:00:00+00:00,155.0,9.0,4.0,12.0,1.0,2.0
2019-11-27 00:00:00+00:00,91.0,6.0,4.0,14.0,1.0,3.0
2019-11-28 00:00:00+00:00,134.0,6.0,4.0,13.0,1.0,4.0
2019-11-29 00:00:00+00:00,176.0,4.0,5.0,11.0,1.0,5.0
2019-11-30 00:00:00+00:00,155.0,3.0,5.0,13.0,1.0,4.0
2019-12-01 00:00:00+00:00,170.0,5.0,5.0,14.0,1.0,5.0
2019-12-02 00:00:00+00:00,179.0,7.0,4.0,12.0,1.0,4.0
2019-12-03 00:00:00+00:00,170.0,4.0,4.0,11.0,1.0,3.0
2019-12-04 00:00:00+00:00,160.0,6.0,4.0,13.0,1.0,2.0
2019-12-05 00:00:00+00:00,168.0,4.0,4.0,12.0,1.0,3.0
2019-12-06 00:00:00+00:00,183.0,5.0,5.0,11.0,1.0,4.0
2019-12-07 00:00:00+00:00,183.0,5.0,6.0,11.0,1.0,2.0
2019-12-08 00:00:00+00:00,183.0,3.0,7.0,11.0,1.0,2.0
2019-12-09 00:00:00+00:00,75.0,4.0,5.0,13.0,1.0,2.0
2019-12-10 00:00:00+00:00,72.0,5.0,3.0,12.0,1.0,2.0
2019-12-11 00:00:00+00:00,129.0,6.0,2.0,15.0,1.0,2.0
2019-12-12 00:00:00+00:00,186.0,4.0,3.0,14.0,1.0,2.0
2019-12-13 00:00:00+00:00,167.0,6.0,4.0,17.0,1.0,3.0
2019-12-14 00:00:00+00:00,174.0,8.0,4.0,16.0,1.0,4.0
2019-12-15 00:00:00+00:00,180.0,9.0,7.0,15.0,1.0,5.0
2019-12-16 00:00:00+00:00,147.0,7.0,6.0,15.0,1.0,3.0
2019-12-17 00:00:00+00:00,113.0,4.0,6.0,8.0,1.0,3.0
2019-12-18 00:00:00+00:00,187.0,4.0,6.0,13.0,1.0,2.0
2019-12-19 00:00:00+00:00,194.0,4.0,5.0,12.0,1.0,3.0
2019-12-20 00:00:00+00:00,201.0,7.0,5.0,10.0,1.0,3.0
2019-12-21 00:00:00+00:00,135.0,6.0,3.0,14.0,1.0,4.0
2019-12-22 00:00:00+00:00,202.0,4.0,4.0,8.0,1.0,5.0
2019-12-23 00:00:00+00:00,208.0,5.0,4.0,12.0,1.0,2.0
2019-12-24 00:00:00+00:00,176.0,6.0,3.0,9.0,1.0,3.0
2019-12-25 00:00:00+00:00,108.0,4.0,4.0,12.0,1.0,3.0
2019-12-26 00:00:00+00:00,189.0,6.0,5.0,15.0,1.0,3.0
2019-12-27 00:00:00+00:00,196.0,7.0,7.0,12.0,1.0,2.0
2019-12-28 00:00:00+00:00,185.0,6.0,5.0,11.0,1.0,3.0
2019-12-29 00:00:00+00:00,195.0,4.0,3.0,9.0,1.0,2.0
2019-12-30 00:00:00+00:00,189.0,6.0,4.0,12.0,1.0,3.0
2019-12-31 00:00:00+00:00,163.0,6.0,5.0,11.0,1.0,2.0
2020-01-01 00:00:00+00:00,156.0,5.0,6.0,9.0,1.0,2.0
2020-01-02 00:00:00+00:00,197.0,5.0,4.0,11.0,1.0,2.0
2020-01-03 00:00:00+00:00,188.0,5.0,5.0,11.0,1.0,2.0
2020-01-04 00:00:00+00:00,149.0,6.0,5.0,10.0,1.0,3.0
2020-01-05 00:00:00+00:00,195.0,6.0,5.0,9.0,1.0,4.0
2020-01-06 00:00:00+00:00,183.0,4.0,3.0,9.0,1.0,3.0
2020-01-07 00:00:00+00:00,173.0,6.0,2.0,8.0,1.0,3.0
2020-01-08 00:00:00+00:00,173.0,3.0,2.0,7.0,1.0,3.0
2020-01-09 00:00:00+00:00,170.0,4.0,2.0,6.0,1.0,3.0
2020-01-10 00:00:00+00:00,177.0,6.0,2.0,6.0,1.0,3.0
2020-01-11 00:00:00+00:00,156.0,3.0,2.0,8.0,1.0,2.0
2020-01-12 00:00:00+00:00,179.0,3.0,2.0,9.0,1.0,3.0
2020-01-13 00:00:00+00:00,183.0,4.0,3.0,13.0,1.0,4.0
2020-01-14 00:00:00+00:00,136.0,6.0,3.0,14.0,1.0,2.0
2020-01-15 00:00:00+00:00,165.0,3.0,4.0,11.0,1.0,2.0
2020-01-16 00:00:00+00:00,166.0,3.0,4.0,9.0,1.0,2.0
2020-01-17 00:00:00+00:00,173.0,5.0,6.0,13.0,1.0,3.0
2020-01-18 00:00:00+00:00,147.0,6.0,5.0,12.0,1.0,3.0
2020-01-19 00:00:00+00:00,176.0,6.0,6.0,10.0,1.0,3.0
2020-01-20 00:00:00+00:00,175.0,4.0,7.0,14.0,1.0,2.0
2020-01-21 00:00:00+00:00,135.0,4.0,4.0,10.0,1.0,2.0
2020-01-22 00:00:00+00:00,158.0,5.0,3.0,6.0,1.0,3.0
2020-01-23 00:00:00+00:00,159.0,5.0,2.0,8.0,1.0,4.0
2020-01-24 00:00:00+00:00,179.0,4.0,3.0,14.0,1.0,4.0
2020-01-25 00:00:00+00:00,164.0,4.0,4.0,12.0,1.0,4.0
2020-01-26 00:00:00+00:00,148.0,5.0,5.0,10.0,1.0,5.0
2020-01-27 00:00:00+00:00,85.0,4.0,5.0,11.0,1.0,3.0
2020-01-28 00:00:00+00:00,135.0,4.0,6.0,16.0,1.0,2.0
2020-01-29 00:00:00+00:00,138.0,5.0,6.0,14.0,1.0,2.0
2020-01-30 00:00:00+00:00,141.0,6.0,5.0,12.0,1.0,2.0
2020-01-31 00:00:00+00:00,73.0,6.0,7.0,15.0,1.0,3.0
2020-02-01 00:00:00+00:00,101.0,5.0,6.0,14.0,1.0,2.0
2020-02-02 00:00:00+00:00,42.0,7.0,4.0,12.0,1.0,3.0
2020-02-03 00:00:00+00:00,59.0,5.0,6.0,12.0,1.0,4.0
2020-02-04 00:00:00+00:00,76.0,6.0,5.0,10.0,1.0,2.0
2020-02-05 00:00:00+00:00,121.0,7.0,4.0,7.0,1.0,2.0
2020-02-06 00:00:00+00:00,167.0,8.0,5.0,11.0,1.0,3.0
2020-02-07 00:00:00+00:00,181.0,6.0,6.0,17.0,1.0,3.0
2020-02-08 00:00:00+00:00,147.0,4.0,5.0,13.0,1.0,4.0
2020-02-09 00:00:00+00:00,104.0,5.0,5.0,13.0,1.0,5.0
2020-02-10 00:00:00+00:00,104.0,4.0,5.0,15.0,1.0,2.0
2020-02-11 00:00:00+00:00,104.0,6.0,5.0,17.0,1.0,3.0
2020-02-12 00:00:00+00:00,151.0,7.0,8.0,11.0,1.0,4.0
2020-02-13 00:00:00+00:00,171.0,4.0,2.0,14.0,1.0,3.0
2020-02-14 00:00:00+00:00,161.0,5.0,3.0,17.0,1.0,2.0
2020-02-15 00:00:00+00:00,151.0,6.0,4.0,14.0,1.0,3.0
2020-02-16 00:00:00+00:00,178.0,8.0,4.0,12.0,1.0,4.0
2020-02-17 00:00:00+00:00,187.0,4.0,6.0,13.0,1.0,2.0
2020-02-18 00:00:00+00:00,144.0,4.0,5.0,13.0,1.0,2.0
2020-02-19 00:00:00+00:00,114.0,6.0,6.0,15.0,1.0,3.0
2020-02-20 00:00:00+00:00,123.0,4.0,6.0,13.0,1.0,2.0
2020-02-21 00:00:00+00:00,193.0,6.0,5.0,14.0,1.0,3.0
2020-02-22 00:00:00+00:00,158.0,4.0,6.0,12.0,1.0,4.0
2020-02-23 00:00:00+00:00,169.0,5.0,3.0,14.0,1.0,5.0
2020-02-24 00:00:00+00:00,146.0,6.0,5.0,14.0,1.0,4.0
2020-02-25 00:00:00+00:00,123.0,4.0,6.0,15.0,1.0,4.0
2020-02-26 00:00:00+00:00,131.0,5.0,8.0,13.0,1.0,4.0
2020-02-27 00:00:00+00:00,138.0,5.0,5.0,11.0,1.0,3.0
2020-02-28 00:00:00+00:00,146.0,6.0,6.0,18.0,1.0,3.0
2020-02-29 00:00:00+00:00,154.0,7.0,5.0,13.0,1.0,3.0
2020-03-01 00:00:00+00:00,100.0,4.0,4.0,12.0,1.0,2.0
2020-03-02 00:00:00+00:00,96.0,4.0,5.0,17.0,1.0,3.0
2020-03-03 00:00:00+00:00,92.0,4.0,5.0,16.0,1.0,4.0
2020-03-04 00:00:00+00:00,138.0,4.0,5.0,15.0,1.0,4.0
2020-03-05 00:00:00+00:00,183.0,7.0,3.0,14.0,1.0,2.0
2020-03-06 00:00:00+00:00,134.0,7.0,5.0,15.0,1.0,3.0
2020-03-07 00:00:00+00:00,84.0,5.0,6.0,9.0,1.0,3.0
2020-03-08 00:00:00+00:00,131.0,4.0,6.0,15.0,1.0,4.0
2020-03-09 00:00:00+00:00,177.0,4.0,6.0,14.0,1.0,3.0
2020-03-10 00:00:00+00:00,176.0,4.0,5.0,14.0,1.0,2.0
2020-03-11 00:00:00+00:00,176.0,5.0,7.0,15.0,1.0,2.0
2020-03-12 00:00:00+00:00,168.0,5.0,4.0,14.0,1.0,2.0
2020-03-13 00:00:00+00:00,178.0,4.0,4.0,14.0,1.0,3.0
2020-03-14 00:00:00+00:00,153.0,5.0,4.0,15.0,1.0,4.0
2020-03-15 00:00:00+00:00,161.0,6.0,5.0,18.0,1.0,2.0
2020-03-16 00:00:00+00:00,142.0,5.0,4.0,22.0,1.0,3.0
2020-03-17 00:00:00+00:00,129.0,6.0,5.0,16.0,1.0,2.0
2020-03-18 00:00:00+00:00,104.0,6.0,6.0,15.0,1.0,3.0
2020-03-19 00:00:00+00:00,106.0,7.0,2.0,11.0,1.0,3.0
2020-03-20 00:00:00+00:00,107.0,6.0,2.0,8.0,1.0,4.0
2020-03-21 00:00:00+00:00,67.0,4.0,2.0,5.0,1.0,3.0
2020-03-22 00:00:00+00:00,61.0,3.0,2.0,6.0,1.0,2.0
2020-03-23 00:00:00+00:00,55.0,2.0,2.0,6.0,1.0,2.0
2020-03-24 00:00:00+00:00,42.0,2.0,2.0,3.0,1.0,2.0
2020-03-25 00:00:00+00:00,30.0,2.0,2.0,5.0,1.0,2.0
2020-03-26 00:00:00+00:00,35.0,2.0,2.0,5.0,1.0,3.0
2020-03-27 00:00:00+00:00,36.0,2.0,2.0,5.0,1.0,2.0
2020-03-28 00:00:00+00:00,29.0,2.0,2.0,3.0,1.0,2.0
2020-03-29 00:00:00+00:00,21.0,2.0,2.0,4.0,1.0,2.0
2020-03-30 00:00:00+00:00,22.0,2.0,2.0,4.0,1.0,2.0
2020-03-31 00:00:00+00:00,29.0,2.0,2.0,3.0,1.0,3.0
2020-04-01 00:00:00+00:00,32.0,2.0,3.0,3.0,1.0,2.0
2020-04-02 00:00:00+00:00,28.0,2.0,2.0,2.0,1.0,2.0
2020-04-03 00:00:00+00:00,27.0,2.0,2.0,3.0,1.0,2.0
2020-04-04 00:00:00+00:00,17.0,2.0,2.0,2.0,1.0,2.0
2020-04-05 00:00:00+00:00,17.0,2.0,2.0,2.0,1.0,2.0
2020-04-06 00:00:00+00:00,27.0,3.0,2.0,2.0,1.0,2.0
2020-04-07 00:00:00+00:00,25.0,3.0,2.0,3.0,1.0,2.0
2020-04-08 00:00:00+00:00,38.0,3.0,2.0,4.0,1.0,2.0
2020-04-09 00:00:00+00:00,27.0,4.0,2.0,5.0,1.0,2.0
2020-04-10 00:00:00+00:00,41.0,4.0,2.0,5.0,1.0,2.0
2020-04-11 00:00:00+00:00,23.0,2.0,2.0,5.0,1.0,2.0
2020-04-12 00:00:00+00:00,21.0,2.0,2.0,2.0,1.0,2.0
2020-04-13 00:00:00+00:00,29.0,2.0,2.0,3.0,1.0,2.0
2020-04-14 00:00:00+00:00,30.0,2.0,2.0,4.0,1.0,2.0
2020-04-15 00:00:00+00:00,31.0,2.0,2.0,4.0,1.0,3.0
2020-04-16 00:00:00+00:00,26.0,3.0,2.0,6.0,1.0,4.0
2020-04-17 00:00:00+00:00,20.0,3.0,2.0,5.0,1.0,3.0
2020-04-18 00:00:00+00:00,19.0,2.0,2.0,3.0,1.0,2.0
2020-04-19 00:00:00+00:00,18.0,2.0,2.0,3.0,1.0,2.0
2020-04-20 00:00:00+00:00,28.0,2.0,2.0,3.0,1.0,2.0
2020-04-21 00:00:00+00:00,33.0,2.0,2.0,4.0,1.0,2.0
2020-04-22 00:00:00+00:00,23.0,2.0,2.0,4.0,1.0,2.0
2020-04-23 00:00:00+00:00,22.0,2.0,2.0,4.0,1.0,2.0
2020-04-24 00:00:00+00:00,30.0,2.0,2.0,4.0,1.0,2.0
2020-04-25 00:00:00+00:00,13.0,3.0,2.0,7.0,1.0,2.0
2020-04-26 00:00:00+00:00,22.0,2.0,2.0,6.0,1.0,2.0
2020-04-27 00:00:00+00:00,31.0,2.0,2.0,5.0,1.0,2.0
2020-04-28 00:00:00+00:00,18.0,2.0,2.0,4.0,1.0,2.0
2020-04-29 00:00:00+00:00,11.0,2.0,3.0,4.0,1.0,2.0
2020-04-30 00:00:00+00:00,6.0,3.0,3.0,5.0,1.0,2.0
2020-05-01 00:00:00+00:00,10.0,4.0,3.0,6.0,1.0,2.0
2020-05-02 00:00:00+00:00,16.0,3.0,3.0,3.0,1.0,2.0
2020-05-03 00:00:00+00:00,23.0,2.0,4.0,4.0,1.0,2.0
2020-05-04 00:00:00+00:00,34.0,2.0,4.0,4.0,1.0,2.0
2020-05-05 00:00:00+00:00,22.0,2.0,3.0,5.0,1.0,2.0
2020-05-06 00:00:00+00:00,26.0,2.0,2.0,6.0,1.0,2.0
2020-05-07 00:00:00+00:00,29.0,2.0,3.0,7.0,1.0,2.0
2020-05-08 00:00:00+00:00,38.0,2.0,4.0,6.0,1.0,3.0
2020-05-09 00:00:00+00:00,29.0,2.0,4.0,4.0,1.0,3.0
2020-05-10 00:00:00+00:00,24.0,2.0,5.0,4.0,1.0,3.0
2020-05-11 00:00:00+00:00,22.0,2.0,4.0,3.0,1.0,3.0
2020-05-12 00:00:00+00:00,20.0,2.0,2.0,3.0,1.0,3.0
2020-05-13 00:00:00+00:00,35.0,2.0,2.0,5.0,1.0,3.0
2020-05-14 00:00:00+00:00,25.0,2.0,2.0,7.0,1.0,3.0
2020-05-15 00:00:00+00:00,22.0,2.0,3.0,6.0,1.0,3.0
2020-05-16 00:00:00+00:00,24.0,2.0,2.0,6.0,1.0,3.0
2020-05-17 00:00:00+00:00,23.0,2.0,2.0,5.0,1.0,3.0
2020-05-18 00:00:00+00:00,41.0,2.0,2.0,4.0,1.0,3.0
2020-05-19 00:00:00+00:00,37.0,2.0,3.0,5.0,1.0,3.0
2020-05-20 00:00:00+00:00,35.0,2.0,4.0,7.0,1.0,2.0
2020-05-21 00:00:00+00:00,36.0,2.0,3.0,5.0,1.0,2.0
2020-05-22 00:00:00+00:00,36.0,2.0,2.0,5.0,1.0,2.0
2020-05-23 00:00:00+00:00,29.0,2.0,2.0,8.0,1.0,2.0
2020-05-24 00:00:00+00:00,32.0,2.0,2.0,4.0,1.0,2.0
2020-05-25 00:00:00+00:00,36.0,2.0,2.0,5.0,1.0,2.0
2020-05-26 00:00:00+00:00,36.0,2.0,2.0,5.0,1.0,2.0
2020-05-27 00:00:00+00:00,38.0,2.0,2.0,5.0,1.0,2.0
2020-05-28 00:00:00+00:00,23.0,2.0,2.0,4.0,1.0,2.0
2020-05-29 00:00:00+00:00,36.0,2.0,2.0,4.0,1.0,2.0
2020-05-30 00:00:00+00:00,34.0,2.0,2.0,4.0,1.0,2.0
2020-05-31 00:00:00+00:00,32.0,2.0,2.0,4.0,1.0,2.0
2020-06-01 00:00:00+00:00,50.0,2.0,2.0,3.0,1.0,2.0
2020-06-02 00:00:00+00:00,44.0,2.0,2.0,3.0,1.0,2.0
2020-06-03 00:00:00+00:00,39.0,2.0,2.0,3.0,1.0,2.0
2020-06-04 00:00:00+00:00,11.0,2.0,2.0,3.0,1.0,2.0
2020-06-05 00:00:00+00:00,16.0,2.0,2.0,4.0,1.0,2.0
2020-06-06 00:00:00+00:00,21.0,2.0,2.0,4.0,1.0,2.0
2020-06-07 00:00:00+00:00,36.0,2.0,3.0,7.0,1.0,2.0
2020-06-08 00:00:00+00:00,35.0,2.0,4.0,8.0,1.0,2.0
2020-06-09 00:00:00+00:00,35.0,2.0,3.0,8.0,1.0,2.0
2020-06-10 00:00:00+00:00,39.0,2.0,2.0,7.0,1.0,2.0
2020-06-11 00:00:00+00:00,44.0,3.0,2.0,6.0,1.0,2.0
2020-06-12 00:00:00+00:00,48.0,3.0,3.0,5.0,1.0,2.0
2020-06-13 00:00:00+00:00,46.0,3.0,2.0,7.0,1.0,2.0
2020-06-14 00:00:00+00:00,47.0,3.0,2.0,9.0,1.0,2.0
2020-06-15 00:00:00+00:00,48.0,3.0,3.0,7.0,1.0,2.0
2020-06-16 00:00:00+00:00,40.0,3.0,4.0,7.0,1.0,2.0
2020-06-17 00:00:00+00:00,33.0,3.0,4.0,8.0,1.0,2.0
2020-06-18 00:00:00+00:00,56.0,3.0,5.0,11.0,1.0,2.0
2020-06-19 00:00:00+00:00,78.0,3.0,4.0,14.0,1.0,2.0
2020-06-20 00:00:00+00:00,56.0,3.0,4.0,6.0,1.0,2.0
2020-06-21 00:00:00+00:00,87.0,3.0,4.0,8.0,1.0,2.0
2020-06-22 00:00:00+00:00,102.0,3.0,4.0,11.0,1.0,2.0
2020-06-23 00:00:00+00:00,81.0,3.0,4.0,8.0,1.0,2.0
2020-06-24 00:00:00+00:00,98.0,3.0,3.0,8.0,1.0,2.0
2020-06-25 00:00:00+00:00,102.0,3.0,3.0,9.0,1.0,2.0
2020-06-26 00:00:00+00:00,103.0,3.0,4.0,15.0,1.0,2.0
2020-06-27 00:00:00+00:00,83.0,3.0,4.0,14.0,1.0,2.0
2020-06-28 00:00:00+00:00,98.0,3.0,3.0,12.0,1.0,2.0
2020-06-29 00:00:00+00:00,108.0,3.0,4.0,18.0,1.0,2.0
2020-06-30 00:00:00+00:00,86.0,4.0,6.0,26.0,1.0,2.0
2020-07-01 00:00:00+00:00,114.0,4.0,10.0,43.0,1.0,2.0
2020-07-02 00:00:00+00:00,128.0,4.0,9.0,32.0,1.0,2.0
2020-07-03 00:00:00+00:00,164.0,4.0,15.0,46.0,1.0,2.0
2020-07-04 00:00:00+00:00,157.0,4.0,13.0,60.0,1.0,2.0
2020-07-05 00:00:00+00:00,147.0,4.0,20.0,54.0,1.0,2.0
2020-07-06 00:00:00+00:00,154.0,4.0,10.0,49.0,1.0,2.0
2020-07-07 00:00:00+00:00,136.0,4.0,7.0,40.0,1.0,2.0
2020-07-08 00:00:00+00:00,152.0,4.0,12.0,52.0,1.0,2.0
2020-07-09 00:00:00+00:00,135.0,4.0,14.0,28.0,1.0,2.0
2020-07-10 00:00:00+00:00,158.0,4.0,16.0,49.0,1.0,2.0
2020-07-11 00:00:00+00:00,168.0,4.0,19.0,62.0,1.0,3.0
2020-07-12 00:00:00+00:00,152.0,4.0,18.0,64.0,1.0,4.0
2020-07-13 00:00:00+00:00,163.0,4.0,11.0,65.0,1.0,3.0
2020-07-14 00:00:00+00:00,126.0,4.0,9.0,47.0,1.0,2.0
2020-07-15 00:00:00+00:00,173.0,4.0,14.0,64.0,1.0,3.0
2020-07-16 00:00:00+00:00,177.0,4.0,14.0,48.0,1.0,3.0
2020-07-17 00:00:00+00:00,182.0,4.0,16.0,61.0,1.0,4.0
2020-07-18 00:00:00+00:00,174.0,4.0,27.0,81.0,1.0,7.0
2020-07-19 00:00:00+00:00,169.0,4.0,16.0,74.0,1.0,6.0
2020-07-20 00:00:00+00:00,170.0,4.0,11.0,63.0,1.0,5.0
2020-07-21 00:00:00+00:00,146.0,5.0,11.0,61.0,1.0,4.0
2020-07-22 00:00:00+00:00,173.0,5.0,11.0,59.0,1.0,4.0
2020-07-23 00:00:00+00:00,156.0,5.0,11.0,58.0,1.0,3.0
2020-07-24 00:00:00+00:00,198.0,5.0,11.0,56.0,1.0,3.0
2020-07-25 00:00:00+00:00,194.0,5.0,10.0,54.0,1.0,2.0
2020-07-26 00:00:00+00:00,162.0,7.0,10.0,52.0,1.0,3.0
2020-07-27 00:00:00+00:00,184.0,9.0,10.0,50.0,1.0,4.0
2020-07-28 00:00:00+00:00,165.0,13.0,10.0,48.0,1.0,6.0
2020-07-29 00:00:00+00:00,151.0,21.0,10.0,47.0,1.0,10.0
2020-07-30 00:00:00+00:00,160.0,37.0,10.0,45.0,1.0,16.0
2020-07-31 00:00:00+00:00,177.0,53.0,10.0,43.0,1.0,28.0
2020-08-01 00:00:00+00:00,179.0,77.0,10.0,41.0,1.0,40.0
2020-08-02 00:00:00+00:00,158.0,59.0,10.0,39.0,1.0,39.0
2020-08-03 00:00:00+00:00,158.0,43.0,9.0,37.0,1.0,24.0
2020-08-04 00:00:00+00:00,148.0,39.0,9.0,36.0,1.0,25.0
2020-08-05 00:00:00+00:00,155.0,43.0,9.0,34.0,1.0,26.0
2020-08-06 00:00:00+00:00,148.0,47.0,9.0,32.0,1.0,25.0
2020-08-07 00:00:00+00:00,173.0,62.0,9.0,30.0,1.0,36.0
2020-08-08 00:00:00+00:00,111.0,78.0,9.0,28.0,1.0,46.0
2020-08-09 00:00:00+00:00,159.0,51.0,9.0,27.0,1.0,30.0
2020-08-10 00:00:00+00:00,160.0,44.0,9.0,25.0,1.0,25.0
2020-08-11 00:00:00+00:00,135.0,40.0,9.0,23.0,1.0,29.0
2020-08-12 00:00:00+00:00,138.0,42.0,8.0,21.0,1.0,26.0
2020-08-13 00:00:00+00:00,132.0,44.0,8.0,19.0,1.0,24.0
2020-08-14 00:00:00+00:00,182.0,41.0,8.0,17.0,1.0,30.0
2020-08-15 00:00:00+00:00,143.0,72.0,8.0,16.0,1.0,37.0
2020-08-16 00:00:00+00:00,163.0,61.0,8.0,14.0,1.0,39.0
2020-08-17 00:00:00+00:00,167.0,44.0,8.0,12.0,1.0,20.0
2020-08-18 00:00:00+00:00,130.0,37.0,8.0,10.0,1.0,28.0
2020-08-19 00:00:00+00:00,131.0,44.0,8.0,8.0,1.0,26.0
2020-08-20 00:00:00+00:00,145.0,42.0,8.0,6.0,1.0,22.0
2020-08-21 00:00:00+00:00,171.0,60.0,7.0,5.0,1.0,32.0
2020-08-22 00:00:00+00:00,164.0,78.0,7.0,3.0,1.0,43.0
2020-08-23 00:00:00+00:00,163.0,56.0,7.0,1.0,1.0,34.0
2020-08-24 00:00:00+00:00,186.0,44.0,7.0,1.0,1.0,20.0
2020-08-25 00:00:00+00:00,108.0,39.0,7.0,1.0,1.0,28.0
2020-08-26 00:00:00+00:00,135.0,47.0,7.0,1.0,1.0,25.0
2020-08-27 00:00:00+00:00,146.0,41.0,7.0,1.0,1.0,26.0
2020-08-28 00:00:00+00:00,160.0,44.0,7.0,1.0,1.0,32.0
2020-08-29 00:00:00+00:00,166.0,74.0,7.0,1.0,1.0,39.0
2020-08-30 00:00:00+00:00,144.0,50.0,6.0,1.0,1.0,33.0
2020-08-31 00:00:00+00:00,111.0,40.0,6.0,1.0,1.0,21.0
2020-09-01 00:00:00+00:00,66.0,37.0,6.0,1.0,1.0,23.0
2020-09-02 00:00:00+00:00,73.0,32.0,6.0,1.0,1.0,18.0
2020-09-03 00:00:00+00:00,63.0,42.0,6.0,1.0,1.0,24.0
2020-09-04 00:00:00+00:00,61.0,56.0,6.0,1.0,1.0,32.0
2020-09-05 00:00:00+00:00,59.0,70.0,6.0,1.0,1.0,39.0
2020-09-06 00:00:00+00:00,44.0,44.0,6.0,1.0,1.0,31.0
2020-09-07 00:00:00+00:00,30.0,34.0,6.0,1.0,1.0,19.0
2020-09-08 00:00:00+00:00,49.0,36.0,6.0,1.0,1.0,23.0
2020-09-09 00:00:00+00:00,77.0,38.0,5.0,1.0,1.0,17.0
2020-09-10 00:00:00+00:00,86.0,34.0,5.0,1.0,1.0,20.0
2020-09-11 00:00:00+00:00,107.0,52.0,5.0,1.0,1.0,30.0
2020-09-12 00:00:00+00:00,159.0,69.0,5.0,1.0,1.0,39.0
2020-09-13 00:00:00+00:00,147.0,46.0,5.0,1.0,1.0,28.0
2020-09-14 00:00:00+00:00,146.0,35.0,5.0,1.0,1.0,18.0
2020-09-15 00:00:00+00:00,124.0,36.0,5.0,1.0,1.0,21.0
2020-09-16 00:00:00+00:00,123.0,37.0,5.0,1.0,1.0,15.0
2020-09-17 00:00:00+00:00,119.0,31.0,5.0,1.0,1.0,21.0
2020-09-18 00:00:00+00:00,122.0,48.0,4.0,1.0,1.0,29.0
2020-09-19 00:00:00+00:00,124.0,66.0,4.0,1.0,1.0,37.0
2020-09-20 00:00:00+00:00,119.0,41.0,4.0,1.0,1.0,30.0
2020-09-21 00:00:00+00:00,101.0,32.0,4.0,1.0,1.0,15.0
2020-09-22 00:00:00+00:00,99.0,35.0,4.0,1.0,1.0,21.0
2020-09-23 00:00:00+00:00,78.0,39.0,4.0,1.0,1.0,14.0
2020-09-24 00:00:00+00:00,71.0,34.0,4.0,1.0,1.0,20.0
2020-09-25 00:00:00+00:00,67.0,48.0,4.0,1.0,1.0,28.0
2020-09-26 00:00:00+00:00,39.0,62.0,4.0,1.0,1.0,37.0
2020-09-27 00:00:00+00:00,46.0,41.0,3.0,1.0,1.0,23.0
2020-09-28 00:00:00+00:00,52.0,27.0,3.0,1.0,1.0,22.0
2020-09-29 00:00:00+00:00,83.0,32.0,3.0,1.0,1.0,22.0
2020-09-30 00:00:00+00:00,114.0,37.0,3.0,1.0,1.0,16.0
2020-10-01 00:00:00+00:00,31.0,37.0,3.0,1.0,1.0,19.0
2020-10-02 00:00:00+00:00,29.0,50.0,3.0,1.0,1.0,28.0
2020-10-03 00:00:00+00:00,27.0,62.0,3.0,1.0,1.0,37.0
2020-10-04 00:00:00+00:00,44.0,42.0,3.0,1.0,1.0,26.0
2020-10-05 00:00:00+00:00,73.0,35.0,3.0,1.0,1.0,12.0
2020-10-06 00:00:00+00:00,95.0,30.0,2.0,1.0,1.0,19.0
2020-10-07 00:00:00+00:00,90.0,32.0,2.0,1.0,1.0,18.0
2020-10-08 00:00:00+00:00,86.0,31.0,2.0,1.0,1.0,23.0
2020-10-09 00:00:00+00:00,89.0,54.0,2.0,1.0,1.0,29.0
2020-10-10 00:00:00+00:00,84.0,77.0,2.0,1.0,1.0,35.0
2020-10-11 00:00:00+00:00,46.0,51.0,2.0,1.0,1.0,29.0
2020-10-12 00:00:00+00:00,26.0,20.0,2.0,1.0,1.0,13.0
2020-10-13 00:00:00+00:00,34.0,32.0,2.0,1.0,1.0,14.0
2020-10-14 00:00:00+00:00,43.0,34.0,2.0,1.0,1.0,20.0
2020-10-15 00:00:00+00:00,51.0,42.0,2.0,1.0,1.0,26.0
2020-10-16 00:00:00+00:00,60.0,49.0,2.0,1.0,1.0,31.0
2020-10-17 00:00:00+00:00,68.0,79.0,2.0,1.0,1.0,35.0
2020-10-18 00:00:00+00:00,103.0,45.0,2.0,1.0,1.0,31.0
2020-10-19 00:00:00+00:00,100.0,24.0,2.0,1.0,1.0,10.0
2020-10-20 00:00:00+00:00,86.0,35.0,3.0,1.0,1.0,16.0
2020-10-21 00:00:00+00:00,111.0,36.0,4.0,1.0,1.0,16.0
2020-10-22 00:00:00+00:00,111.0,38.0,6.0,1.0,1.0,15.0
2020-10-23 00:00:00+00:00,98.0,57.0,10.0,1.0,1.0,22.0
2020-10-24 00:00:00+00:00,74.0,75.0,15.0,1.0,1.0,35.0
2020-10-25 00:00:00+00:00,91.0,45.0,9.0,1.0,1.0,27.0
2020-10-26 00:00:00+00:00,108.0,15.0,7.0,1.0,1.0,7.0
2020-10-27 00:00:00+00:00,89.0,18.0,6.0,1.0,1.0,11.0
2020-10-28 00:00:00+00:00,70.0,25.0,4.0,1.0,1.0,12.0
2020-10-29 00:00:00+00:00,103.0,32.0,3.0,1.0,1.0,14.0
2020-10-30 00:00:00+00:00,121.0,40.0,2.0,1.0,1.0,17.0
2020-10-31 00:00:00+00:00,88.0,60.0,2.0,1.0,1.0,26.0
2020-11-01 00:00:00+00:00,125.0,37.0,2.0,1.0,1.0,17.0
2020-11-02 00:00:00+00:00,116.0,8.0,2.0,1.0,1.0,12.0
2020-11-03 00:00:00+00:00,78.0,5.0,2.0,1.0,1.0,7.0
2020-11-04 00:00:00+00:00,86.0,7.0,2.0,1.0,1.0,2.0
2020-11-05 00:00:00+00:00,108.0,9.0,2.0,1.0,1.0,3.0
2020-11-06 00:00:00+00:00,106.0,15.0,2.0,1.0,1.0,4.0
2020-11-07 00:00:00+00:00,86.0,20.0,2.0,1.0,1.0,5.0
2020-11-08 00:00:00+00:00,100.0,12.0,2.0,1.0,1.0,4.0
2020-11-09 00:00:00+00:00,76.0,5.0,2.0,1.0,1.0,4.0
2020-11-10 00:00:00+00:00,63.0,4.0,2.0,1.0,1.0,4.0
2020-11-11 00:00:00+00:00,75.0,4.0,2.0,1.0,1.0,4.0
2020-11-12 00:00:00+00:00,58.0,4.0,2.0,1.0,1.0,3.0
2020-11-13 00:00:00+00:00,63.0,5.0,2.0,1.0,1.0,2.0
2020-11-14 00:00:00+00:00,50.0,2.0,2.0,1.0,1.0,2.0
2020-11-15 00:00:00+00:00,59.0,3.0,2.0,1.0,1.0,2.0
2020-11-16 00:00:00+00:00,61.0,5.0,2.0,1.0,1.0,2.0
2020-11-17 00:00:00+00:00,38.0,8.0,2.0,1.0,1.0,2.0
2020-11-18 00:00:00+00:00,51.0,5.0,2.0,1.0,1.0,3.0
2020-11-19 00:00:00+00:00,57.0,4.0,2.0,1.0,1.0,2.0
2020-11-20 00:00:00+00:00,48.0,4.0,2.0,1.0,1.0,2.0
2020-11-21 00:00:00+00:00,33.0,4.0,2.0,1.0,1.0,2.0
2020-11-22 00:00:00+00:00,45.0,3.0,2.0,1.0,1.0,2.0
2020-11-23 00:00:00+00:00,41.0,2.0,2.0,1.0,1.0,2.0
2020-11-24 00:00:00+00:00,31.0,2.0,2.0,1.0,1.0,2.0
2020-11-25 00:00:00+00:00,41.0,3.0,2.0,1.0,1.0,2.0
2020-11-26 00:00:00+00:00,46.0,4.0,2.0,1.0,1.0,2.0
2020-11-27 00:00:00+00:00,51.0,5.0,2.0,1.0,1.0,2.0
2020-11-28 00:00:00+00:00,38.0,4.0,2.0,1.0,1.0,2.0
2020-11-29 00:00:00+00:00,26.0,4.0,2.0,1.0,1.0,2.0
2020-11-30 00:00:00+00:00,41.0,2.0,2.0,1.0,1.0,2.0
2020-12-01 00:00:00+00:00,41.0,3.0,2.0,1.0,1.0,2.0
2020-12-02 00:00:00+00:00,46.0,3.0,2.0,1.0,1.0,2.0
2020-12-03 00:00:00+00:00,49.0,4.0,2.0,1.0,1.0,2.0
2020-12-04 00:00:00+00:00,42.0,5.0,2.0,1.0,1.0,2.0
2020-12-05 00:00:00+00:00,36.0,4.0,2.0,1.0,1.0,2.0
2020-12-06 00:00:00+00:00,42.0,2.0,2.0,1.0,1.0,2.0
2020-12-07 00:00:00+00:00,22.0,2.0,2.0,1.0,1.0,2.0
2020-12-08 00:00:00+00:00,12.0,2.0,2.0,1.0,1.0,2.0
2020-12-09 00:00:00+00:00,13.0,2.0,2.0,1.0,1.0,2.0
2020-12-10 00:00:00+00:00,14.0,2.0,2.0,1.0,1.0,2.0
2020-12-11 00:00:00+00:00,25.0,3.0,2.0,1.0,1.0,2.0
2020-12-12 00:00:00+00:00,36.0,3.0,2.0,1.0,1.0,2.0
2020-12-13 00:00:00+00:00,52.0,3.0,2.0,1.0,1.0,2.0
2020-12-14 00:00:00+00:00,56.0,2.0,2.0,1.0,1.0,2.0
2020-12-15 00:00:00+00:00,52.0,2.0,2.0,1.0,1.0,2.0
2020-12-16 00:00:00+00:00,70.0,3.0,2.0,1.0,1.0,2.0
2020-12-17 00:00:00+00:00,94.0,4.0,2.0,1.0,1.0,2.0
2020-12-18 00:00:00+00:00,74.0,6.0,2.0,1.0,1.0,3.0
2020-12-19 00:00:00+00:00,70.0,3.0,2.0,1.0,1.0,2.0
2020-12-20 00:00:00+00:00,82.0,5.0,2.0,1.0,1.0,2.0
2020-12-21 00:00:00+00:00,69.0,4.0,2.0,1.0,1.0,2.0
2020-12-22 00:00:00+00:00,77.0,3.0,2.0,1.0,1.0,2.0
2020-12-23 00:00:00+00:00,85.0,2.0,2.0,1.0,1.0,2.0
2020-12-24 00:00:00+00:00,46.0,3.0,2.0,1.0,1.0,2.0
2020-12-25 00:00:00+00:00,26.0,3.0,2.0,1.0,1.0,2.0
2020-12-26 00:00:00+00:00,14.0,4.0,2.0,1.0,1.0,2.0
2020-12-27 00:00:00+00:00,8.0,4.0,2.0,1.0,1.0,2.0
2020-12-28 00:00:00+00:00,2.0,3.0,2.0,1.0,1.0,2.0
2020-12-29 00:00:00+00:00,3.0,5.0,2.0,1.0,1.0,2.0
2020-12-30 00:00:00+00:00,4.0,5.0,2.0,1.0,1.0,3.0
2020-12-31 00:00:00+00:00,6.0,2.0,2.0,1.0,1.0,2.0
2021-01-01 00:00:00+00:00,10.0,3.0,2.0,1.0,1.0,2.0
2021-01-02 00:00:00+00:00,17.0,5.0,2.0,1.0,1.0,3.0
2021-01-03 00:00:00+00:00,5.0,6.0,2.0,1.0,1.0,4.0
2021-01-04 00:00:00+00:00,3.0,3.0,2.0,1.0,1.0,2.0
2021-01-05 00:00:00+00:00,4.0,4.0,2.0,1.0,1.0,2.0
2021-01-06 00:00:00+00:00,4.0,5.0,2.0,1.0,1.0,2.0
2021-01-07 00:00:00+00:00,4.0,6.0,2.0,1.0,1.0,2.0
2021-01-08 00:00:00+00:00,6.0,6.0,2.0,1.0,1.0,3.0
2021-01-09 00:00:00+00:00,10.0,3.0,3.0,1.0,1.0,3.0
2021-01-10 00:00:00+00:00,17.0,4.0,4.0,1.0,1.0,3.0
2021-01-11 00:00:00+00:00,25.0,3.0,3.0,1.0,1.0,2.0
2021-01-12 00:00:00+00:00,37.0,4.0,2.0,1.0,1.0,2.0
2021-01-13 00:00:00+00:00,49.0,4.0,2.0,1.0,1.0,3.0
2021-01-14 00:00:00+00:00,55.0,3.0,2.0,1.0,1.0,4.0
2021-01-15 00:00:00+00:00,61.0,5.0,2.0,1.0,1.0,4.0
2021-01-16 00:00:00+00:00,33.0,4.0,2.0,1.0,1.0,4.0
2021-01-17 00:00:00+00:00,40.0,4.0,2.0,1.0,1.0,3.0
2021-01-18 00:00:00+00:00,52.0,2.0,2.0,1.0,1.0,3.0
2021-01-19 00:00:00+00:00,45.0,3.0,2.0,1.0,1.0,2.0
2021-01-20 00:00:00+00:00,15.0,2.0,2.0,1.0,1.0,2.0
2021-01-21 00:00:00+00:00,8.0,3.0,2.0,1.0,1.0,2.0
2021-01-22 00:00:00+00:00,8.0,3.0,2.0,1.0,1.0,2.0
2021-01-23 00:00:00+00:00,9.0,4.0,2.0,1.0,1.0,2.0
2021-01-24 00:00:00+00:00,13.0,3.0,2.0,1.0,1.0,2.0
2021-01-25 00:00:00+00:00,18.0,3.0,2.0,1.0,1.0,2.0
2021-01-26 00:00:00+00:00,25.0,3.0,2.0,1.0,1.0,2.0
2021-01-27 00:00:00+00:00,36.0,4.0,2.0,1.0,1.0,2.0
2021-01-28 00:00:00+00:00,45.0,4.0,2.0,1.0,1.0,2.0
2021-01-29 00:00:00+00:00,24.0,3.0,2.0,1.0,1.0,2.0
2021-01-30 00:00:00+00:00,27.0,5.0,2.0,1.0,1.0,2.0
2021-01-31 00:00:00+00:00,30.0,4.0,2.0,1.0,1.0,2.0
2021-02-01 00:00:00+00:00,32.0,3.0,2.0,1.0,1.0,2.0
2021-02-02 00:00:00+00:00,35.0,4.0,2.0,1.0,1.0,2.0
2021-02-03 00:00:00+00:00,51.0,4.0,2.0,1.0,1.0,2.0
2021-02-04 00:00:00+00:00,36.0,2.0,3.0,1.0,1.0,2.0
2021-02-05 00:00:00+00:00,20.0,3.0,3.0,1.0,1.0,2.0
2021-02-06 00:00:00+00:00,11.0,2.0,2.0,1.0,1.0,2.0
2021-02-07 00:00:00+00:00,6.0,3.0,3.0,1.0,1.0,2.0
2021-02-08 00:00:00+00:00,10.0,3.0,2.0,1.0,1.0,2.0
2021-02-09 00:00:00+00:00,14.0,4.0,2.0,1.0,1.0,3.0
2021-02-10 00:00:00+00:00,25.0,4.0,2.0,1.0,1.0,2.0
2021-02-11 00:00:00+00:00,37.0,2.0,2.0,1.0,1.0,2.0
2021-02-12 00:00:00+00:00,55.0,3.0,2.0,1.0,1.0,3.0
2021-02-13 00:00:00+00:00,47.0,3.0,2.0,1.0,1.0,2.0
2021-02-14 00:00:00+00:00,47.0,4.0,2.0,1.0,1.0,2.0
2021-02-15 00:00:00+00:00,57.0,3.0,2.0,1.0,1.0,2.0
2021-02-16 00:00:00+00:00,26.0,3.0,2.0,1.0,1.0,2.0
2021-02-17 00:00:00+00:00,41.0,3.0,2.0,1.0,1.0,2.0
2021-02-18 00:00:00+00:00,46.0,2.0,2.0,1.0,1.0,2.0
2021-02-19 00:00:00+00:00,64.0,3.0,2.0,1.0,1.0,2.0
2021-02-20 00:00:00+00:00,44.0,3.0,2.0,1.0,1.0,2.0
2021-02-21 00:00:00+00:00,48.0,3.0,2.0,1.0,1.0,2.0
2021-02-22 00:00:00+00:00,56.0,4.0,2.0,1.0,1.0,2.0
2021-02-23 00:00:00+00:00,43.0,3.0,2.0,1.0,1.0,2.0
2021-02-24 00:00:00+00:00,48.0,3.0,3.0,1.0,1.0,2.0
2021-02-25 00:00:00+00:00,53.0,3.0,2.0,1.0,1.0,2.0
2021-02-26 00:00:00+00:00,63.0,2.0,2.0,1.0,1.0,2.0
2021-02-27 00:00:00+00:00,51.0,3.0,3.0,1.0,1.0,2.0
2021-02-28 00:00:00+00:00,46.0,5.0,3.0,1.0,1.0,2.0
2021-03-01 00:00:00+00:00,59.0,2.0,3.0,1.0,1.0,2.0
2021-03-02 00:00:00+00:00,44.0,3.0,3.0,1.0,1.0,2.0
2021-03-03 00:00:00+00:00,44.0,5.0,3.0,1.0,1.0,2.0
2021-03-04 00:00:00+00:00,47.0,4.0,3.0,1.0,1.0,2.0
2021-03-05 00:00:00+00:00,40.0,3.0,5.0,1.0,1.0,2.0
2021-03-06 00:00:00+00:00,32.0,3.0,5.0,1.0,1.0,2.0
2021-03-07 00:00:00+00:00,41.0,2.0,4.0,1.0,1.0,2.0
2021-03-08 00:00:00+00:00,42.0,2.0,4.0,1.0,1.0,2.0
2021-03-09 00:00:00+00:00,42.0,3.0,3.0,1.0,1.0,2.0
2021-03-10 00:00:00+00:00,47.0,4.0,3.0,1.0,1.0,2.0
2021-03-11 00:00:00+00:00,52.0,4.0,3.0,1.0,1.0,2.0
2021-03-12 00:00:00+00:00,15.0,4.0,3.0,1.0,1.0,2.0
2021-03-13 00:00:00+00:00,16.0,4.0,2.0,1.0,1.0,2.0
2021-03-14 00:00:00+00:00,11.0,4.0,2.0,1.0,1.0,2.0
2021-03-15 00:00:00+00:00,12.0,4.0,2.0,1.0,1.0,2.0
2021-03-16 00:00:00+00:00,14.0,4.0,2.0,1.0,1.0,2.0
2021-03-17 00:00:00+00:00,22.0,5.0,2.0,1.0,1.0,2.0
2021-03-18 00:00:00+00:00,30.0,6.0,2.0,1.0,1.0,2.0
2021-03-19 00:00:00+00:00,38.0,3.0,2.0,1.0,1.0,2.0
2021-03-20 00:00:00+00:00,57.0,4.0,2.0,1.0,1.0,2.0
2021-03-21 00:00:00+00:00,58.0,5.0,2.0,1.0,1.0,2.0
2021-03-22 00:00:00+00:00,54.0,3.0,2.0,1.0,1.0,2.0
2021-03-23 00:00:00+00:00,50.0,4.0,2.0,1.0,1.0,2.0
2021-03-24 00:00:00+00:00,66.0,4.0,2.0,1.0,1.0,2.0
2021-03-25 00:00:00+00:00,62.0,4.0,2.0,1.0,1.0,2.0
2021-03-26 00:00:00+00:00,49.0,4.0,2.0,1.0,1.0,2.0
2021-03-27 00:00:00+00:00,60.0,4.0,2.0,1.0,1.0,2.0
2021-03-28 00:00:00+00:00,77.0,3.0,3.0,1.0,1.0,2.0
2021-03-29 00:00:00+00:00,67.0,3.0,5.0,1.0,1.0,2.0
2021-03-30 00:00:00+00:00,50.0,3.0,5.0,1.0,1.0,2.0
2021-03-31 00:00:00+00:00,73.0,4.0,6.0,1.0,1.0,2.0
2021-04-01 00:00:00+00:00,73.0,5.0,6.0,1.0,1.0,2.0
2021-04-02 00:00:00+00:00,42.0,8.0,6.0,1.0,1.0,2.0
2021-04-03 00:00:00+00:00,40.0,7.0,4.0,1.0,1.0,2.0
2021-04-04 00:00:00+00:00,39.0,9.0,3.0,1.0,1.0,2.0
2021-04-05 00:00:00+00:00,67.0,4.0,3.0,1.0,1.0,2.0
2021-04-06 00:00:00+00:00,45.0,7.0,3.0,1.0,1.0,2.0
2021-04-07 00:00:00+00:00,58.0,5.0,2.0,1.0,1.0,2.0
2021-04-08 00:00:00+00:00,70.0,5.0,2.0,1.0,1.0,2.0
2021-04-09 00:00:00+00:00,83.0,5.0,2.0,1.0,1.0,2.0
2021-04-10 00:00:00+00:00,59.0,6.0,2.0,1.0,1.0,2.0
2021-04-11 00:00:00+00:00,74.0,8.0,2.0,1.0,1.0,2.0
2021-04-12 00:00:00+00:00,44.0,5.0,3.0,1.0,1.0,2.0
2021-04-13 00:00:00+00:00,55.0,4.0,4.0,1.0,1.0,2.0
2021-04-14 00:00:00+00:00,65.0,3.0,4.0,1.0,1.0,2.0
2021-04-15 00:00:00+00:00,76.0,5.0,3.0,1.0,1.0,3.0
2021-04-16 00:00:00+00:00,81.0,6.0,3.0,1.0,1.0,2.0
2021-04-17 00:00:00+00:00,69.0,5.0,3.0,1.0,1.0,2.0
2021-04-18 00:00:00+00:00,17.0,7.0,2.0,1.0,1.0,2.0
2021-04-19 00:00:00+00:00,21.0,5.0,2.0,1.0,1.0,2.0
2021-04-20 00:00:00+00:00,25.0,6.0,2.0,1.0,1.0,2.0
2021-04-21 00:00:00+00:00,37.0,7.0,2.0,1.0,1.0,2.0
2021-04-22 00:00:00+00:00,60.0,4.0,2.0,1.0,1.0,3.0
2021-04-23 00:00:00+00:00,83.0,7.0,3.0,1.0,1.0,2.0
2021-04-24 00:00:00+00:00,90.0,6.0,3.0,1.0,1.0,2.0
2021-04-25 00:00:00+00:00,80.0,5.0,3.0,1.0,1.0,3.0
2021-04-26 00:00:00+00:00,82.0,6.0,3.0,1.0,1.0,2.0
2021-04-27 00:00:00+00:00,83.0,4.0,2.0,1.0,1.0,2.0
2021-04-28 00:00:00+00:00,84.0,6.0,3.0,1.0,1.0,2.0
2021-04-29 00:00:00+00:00,85.0,6.0,5.0,1.0,1.0,2.0
2021-04-30 00:00:00+00:00,78.0,5.0,7.0,1.0,1.0,3.0
2021-05-01 00:00:00+00:00,72.0,5.0,9.0,1.0,1.0,4.0
2021-05-02 00:00:00+00:00,55.0,6.0,12.0,1.0,1.0,3.0
2021-05-03 00:00:00+00:00,89.0,7.0,5.0,1.0,1.0,2.0
2021-05-04 00:00:00+00:00,102.0,7.0,6.0,1.0,1.0,2.0
2021-05-05 00:00:00+00:00,55.0,6.0,6.0,1.0,1.0,2.0
2021-05-06 00:00:00+00:00,57.0,6.0,10.0,1.0,1.0,2.0
2021-05-07 00:00:00+00:00,59.0,8.0,8.0,1.0,1.0,3.0
2021-05-08 00:00:00+00:00,90.0,10.0,8.0,1.0,1.0,4.0
2021-05-09 00:00:00+00:00,117.0,10.0,6.0,1.0,1.0,6.0
2021-05-10 00:00:00+00:00,107.0,10.0,4.0,1.0,1.0,2.0
2021-05-11 00:00:00+00:00,80.0,7.0,5.0,1.0,1.0,3.0
2021-05-12 00:00:00+00:00,50.0,12.0,7.0,1.0,1.0,4.0
2021-05-13 00:00:00+00:00,39.0,16.0,8.0,1.0,1.0,6.0
2021-05-14 00:00:00+00:00,28.0,18.0,9.0,1.0,1.0,8.0
2021-05-15 00:00:00+00:00,42.0,21.0,9.0,1.0,1.0,13.0
2021-05-16 00:00:00+00:00,60.0,19.0,8.0,1.0,1.0,4.0
2021-05-17 00:00:00+00:00,55.0,10.0,8.0,1.0,1.0,6.0
2021-05-18 00:00:00+00:00,50.0,13.0,11.0,1.0,1.0,7.0
2021-05-19 00:00:00+00:00,45.0,14.0,6.0,1.0,1.0,7.0
2021-05-20 00:00:00+00:00,79.0,16.0,4.0,1.0,1.0,12.0
2021-05-21 00:00:00+00:00,113.0,21.0,6.0,1.0,1.0,17.0
2021-05-22 00:00:00+00:00,115.0,30.0,9.0,1.0,1.0,25.0
2021-05-23 00:00:00+00:00,117.0,24.0,15.0,1.0,1.0,13.0
2021-05-24 00:00:00+00:00,127.0,14.0,9.0,1.0,1.0,7.0
2021-05-25 00:00:00+00:00,120.0,11.0,7.0,1.0,1.0,7.0
2021-05-26 00:00:00+00:00,112.0,14.0,9.0,1.0,1.0,11.0
2021-05-27 00:00:00+00:00,140.0,22.0,12.0,1.0,1.0,17.0
2021-05-28 00:00:00+00:00,68.0,30.0,14.0,1.0,1.0,24.0
2021-05-29 00:00:00+00:00,122.0,41.0,3.0,1.0,1.0,30.0
2021-05-30 00:00:00+00:00,119.0,28.0,4.0,1.0,1.0,11.0
2021-05-31 00:00:00+00:00,114.0,24.0,4.0,1.0,1.0,12.0
2021-06-01 00:00:00+00:00,108.0,21.0,5.0,1.0,1.0,14.0
2021-06-02 00:00:00+00:00,159.0,28.0,8.0,1.0,1.0,14.0
2021-06-03 00:00:00+00:00,186.0,34.0,11.0,1.0,1.0,18.0
2021-06-04 00:00:00+00:00,176.0,37.0,10.0,1.0,1.0,22.0
2021-06-05 00:00:00+00:00,168.0,43.0,16.0,1.0,1.0,32.0
2021-06-06 00:00:00+00:00,78.0,47.0,24.0,1.0,1.0,20.0
2021-06-07 00:00:00+00:00,121.0,28.0,23.0,1.0,1.0,12.0
2021-06-08 00:00:00+00:00,151.0,21.0,6.0,1.0,1.0,14.0
2021-06-09 00:00:00+00:00,163.0,30.0,10.0,1.0,2.0,9.0
2021-06-10 00:00:00+00:00,186.0,35.0,14.0,1.0,2.0,13.0
2021-06-11 00:00:00+00:00,175.0,36.0,15.0,1.0,2.0,22.0
2021-06-12 00:00:00+00:00,90.0,49.0,15.0,1.0,2.0,36.0
2021-06-13 00:00:00+00:00,48.0,53.0,14.0,1.0,2.0,19.0
2021-06-14 00:00:00+00:00,27.0,34.0,17.0,1.0,2.0,12.0
2021-06-15 00:00:00+00:00,6.0,36.0,20.0,1.0,2.0,14.0
2021-06-16 00:00:00+00:00,3.0,33.0,23.0,1.0,2.0,15.0
2021-06-17 00:00:00+00:00,3.0,38.0,19.0,1.0,2.0,24.0
2021-06-18 00:00:00+00:00,4.0,44.0,19.0,1.0,2.0,32.0
2021-06-19 00:00:00+00:00,6.0,58.0,28.0,1.0,2.0,41.0
2021-06-20 00:00:00+00:00,8.0,53.0,25.0,1.0,2.0,17.0
2021-06-21 00:00:00+00:00,6.0,43.0,15.0,1.0,2.0,14.0
2021-06-22 00:00:00+00:00,5.0,37.0,18.0,1.0,2.0,14.0
2021-06-23 00:00:00+00:00,8.0,36.0,28.0,1.0,2.0,20.0
2021-06-24 00:00:00+00:00,10.0,48.0,24.0,1.0,2.0,26.0
2021-06-25 00:00:00+00:00,17.0,49.0,24.0,1.0,2.0,31.0
2021-06-26 00:00:00+00:00,28.0,56.0,31.0,1.0,2.0,45.0
2021-06-27 00:00:00+00:00,40.0,72.0,36.0,1.0,2.0,27.0
2021-06-28 00:00:00+00:00,58.0,48.0,19.0,1.0,2.0,15.0
2021-06-29 00:00:00+00:00,83.0,45.0,24.0,1.0,2.0,17.0
2021-06-30 00:00:00+00:00,120.0,46.0,24.0,1.0,2.0,28.0
2021-07-01 00:00:00+00:00,174.0,64.0,27.0,1.0,2.0,26.0
2021-07-02 00:00:00+00:00,253.0,70.0,32.0,1.0,2.0,32.0
2021-07-03 00:00:00+00:00,266.0,82.0,30.0,1.0,2.0,52.0
2021-07-04 00:00:00+00:00,176.0,81.0,20.0,1.0,2.0,39.0
2021-07-05 00:00:00+00:00,202.0,59.0,34.0,1.0,2.0,38.0
2021-07-06 00:00:00+00:00,229.0,52.0,37.0,1.0,2.0,38.0
2021-07-07 00:00:00+00:00,204.0,54.0,32.0,1.0,2.0,32.0
2021-07-08 00:00:00+00:00,245.0,62.0,26.0,1.0,2.0,28.0
2021-07-09 00:00:00+00:00,249.0,81.0,38.0,1.0,2.0,35.0
2021-07-10 00:00:00+00:00,278.0,81.0,51.0,1.0,2.0,54.0
2021-07-11 00:00:00+00:00,169.0,92.0,46.0,1.0,2.0,40.0
2021-07-12 00:00:00+00:00,123.0,61.0,20.0,1.0,2.0,42.0
2021-07-13 00:00:00+00:00,77.0,55.0,20.0,1.0,2.0,43.0
2021-07-14 00:00:00+00:00,93.0,59.0,21.0,1.0,2.0,34.0
2021-07-15 00:00:00+00:00,109.0,64.0,29.0,1.0,2.0,30.0
2021-07-16 00:00:00+00:00,129.0,84.0,47.0,1.0,2.0,42.0
2021-07-17 00:00:00+00:00,128.0,91.0,65.0,1.0,2.0,50.0
2021-07-18 00:00:00+00:00,128.0,96.0,57.0,1.0,2.0,43.0
2021-07-19 00:00:00+00:00,75.0,78.0,21.0,1.0,2.0,32.0
2021-07-20 00:00:00+00:00,22.0,62.0,34.0,1.0,2.0,46.0
2021-07-21 00:00:00+00:00,16.0,74.0,22.0,1.0,2.0,33.0
2021-07-22 00:00:00+00:00,20.0,79.0,19.0,1.0,2.0,36.0
2021-07-23 00:00:00+00:00,10.0,95.0,17.0,1.0,2.0,44.0
2021-07-24 00:00:00+00:00,14.0,100.0,14.0,1.0,2.0,60.0
2021-07-25 00:00:00+00:00,22.0,102.0,23.0,1.0,2.0,47.0
2021-07-26 00:00:00+00:00,30.0,80.0,30.0,1.0,2.0,50.0
2021-07-27 00:00:00+00:00,46.0,70.0,34.0,1.0,2.0,53.0
2021-07-28 00:00:00+00:00,69.0,85.0,25.0,1.0,2.0,34.0
2021-07-29 00:00:00+00:00,69.0,91.0,35.0,1.0,2.0,42.0
2021-07-30 00:00:00+00:00,98.0,93.0,46.0,1.0,2.0,47.0
2021-07-31 00:00:00+00:00,89.0,104.0,56.0,1.0,2.0,64.0
2021-08-01 00:00:00+00:00,72.0,76.0,31.0,1.0,2.0,35.0
2021-08-02 00:00:00+00:00,49.0,85.0,18.0,1.0,2.0,33.0
2021-08-03 00:00:00+00:00,72.0,76.0,13.0,1.0,2.0,58.0
2021-08-04 00:00:00+00:00,98.0,92.0,14.0,1.0,2.0,36.0
2021-08-05 00:00:00+00:00,125.0,95.0,16.0,1.0,2.0,45.0
2021-08-06 00:00:00+00:00,133.0,103.0,25.0,1.0,2.0,54.0
2021-08-07 00:00:00+00:00,70.0,109.0,38.0,1.0,2.0,62.0
2021-08-08 00:00:00+00:00,87.0,113.0,60.0,1.0,2.0,54.0
2021-08-09 00:00:00+00:00,58.0,84.0,40.0,1.0,2.0,57.0
2021-08-10 00:00:00+00:00,63.0,80.0,40.0,1.0,2.0,60.0
2021-08-11 00:00:00+00:00,85.0,90.0,41.0,1.0,2.0,42.0
2021-08-12 00:00:00+00:00,74.0,92.0,41.0,1.0,2.0,47.0
2021-08-13 00:00:00+00:00,73.0,110.0,49.0,1.0,2.0,52.0
2021-08-14 00:00:00+00:00,68.0,113.0,28.0,1.0,2.0,67.0
2021-08-15 00:00:00+00:00,99.0,111.0,35.0,1.0,2.0,51.0
2021-08-16 00:00:00+00:00,136.0,77.0,30.0,1.0,2.0,36.0
2021-08-17 00:00:00+00:00,118.0,76.0,44.0,1.0,2.0,56.0
2021-08-18 00:00:00+00:00,135.0,91.0,43.0,1.0,2.0,38.0
2021-08-19 00:00:00+00:00,102.0,94.0,30.0,1.0,2.0,48.0
2021-08-20 00:00:00+00:00,103.0,84.0,36.0,1.0,2.0,41.0
2021-08-21 00:00:00+00:00,103.0,111.0,41.0,1.0,2.0,68.0
2021-08-22 00:00:00+00:00,76.0,108.0,28.0,1.0,2.0,55.0
2021-08-23 00:00:00+00:00,103.0,82.0,22.0,1.0,2.0,58.0
2021-08-24 00:00:00+00:00,130.0,78.0,29.0,1.0,2.0,60.0
2021-08-25 00:00:00+00:00,172.0,87.0,43.0,1.0,2.0,45.0
2021-08-26 00:00:00+00:00,186.0,91.0,36.0,1.0,2.0,44.0
2021-08-27 00:00:00+00:00,274.0,97.0,38.0,1.0,2.0,49.0
2021-08-28 00:00:00+00:00,272.0,107.0,16.0,1.0,2.0,60.0
2021-08-29 00:00:00+00:00,178.0,107.0,16.0,1.0,2.0,52.0
2021-08-30 00:00:00+00:00,114.0,77.0,16.0,1.0,2.0,54.0
2021-08-31 00:00:00+00:00,112.0,85.0,16.0,1.0,2.0,57.0
2021-09-01 00:00:00+00:00,82.0,92.0,16.0,1.0,2.0,36.0
2021-09-02 00:00:00+00:00,57.0,81.0,16.0,1.0,2.0,40.0
2021-09-03 00:00:00+00:00,59.0,84.0,16.0,1.0,2.0,44.0
2021-09-04 00:00:00+00:00,60.0,92.0,16.0,1.0,2.0,44.0
2021-09-05 00:00:00+00:00,60.0,99.0,16.0,1.0,2.0,43.0
2021-09-06 00:00:00+00:00,42.0,62.0,17.0,1.0,2.0,30.0
2021-09-07 00:00:00+00:00,65.0,71.0,17.0,1.0,2.0,50.0
2021-09-08 00:00:00+00:00,70.0,78.0,17.0,1.0,2.0,32.0
2021-09-09 00:00:00+00:00,70.0,70.0,17.0,1.0,2.0,37.0
2021-09-10 00:00:00+00:00,68.0,82.0,17.0,1.0,2.0,43.0
2021-09-11 00:00:00+00:00,87.0,99.0,17.0,1.0,2.0,61.0
2021-09-12 00:00:00+00:00,83.0,99.0,17.0,1.0,2.0,38.0
2021-09-13 00:00:00+00:00,76.0,61.0,17.0,1.0,2.0,31.0
2021-09-14 00:00:00+00:00,58.0,71.0,17.0,1.0,3.0,52.0
2021-09-15 00:00:00+00:00,99.0,74.0,25.0,1.0,4.0,36.0
2021-09-16 00:00:00+00:00,140.0,66.0,40.0,1.0,6.0,36.0
2021-09-17 00:00:00+00:00,218.0,79.0,45.0,1.0,8.0,45.0
2021-09-18 00:00:00+00:00,207.0,102.0,30.0,1.0,8.0,60.0
2021-09-19 00:00:00+00:00,215.0,96.0,28.0,1.0,9.0,34.0
2021-09-20 00:00:00+00:00,236.0,62.0,32.0,1.0,3.0,28.0
2021-09-21 00:00:00+00:00,57.0,46.0,37.0,1.0,4.0,36.0
2021-09-22 00:00:00+00:00,65.0,68.0,38.0,1.0,5.0,32.0
2021-09-23 00:00:00+00:00,87.0,69.0,39.0,1.0,5.0,36.0
2021-09-24 00:00:00+00:00,109.0,77.0,40.0,1.0,6.0,43.0
2021-09-25 00:00:00+00:00,66.0,104.0,59.0,1.0,7.0,60.0
2021-09-26 00:00:00+00:00,79.0,91.0,35.0,1.0,3.0,33.0
2021-09-27 00:00:00+00:00,78.0,47.0,36.0,1.0,5.0,39.0
2021-09-28 00:00:00+00:00,67.0,66.0,8.0,1.0,5.0,45.0
2021-09-29 00:00:00+00:00,53.0,68.0,7.0,1.0,5.0,39.0
2021-09-30 00:00:00+00:00,62.0,71.0,6.0,1.0,5.0,33.0
2021-10-01 00:00:00+00:00,71.0,71.0,6.0,1.0,5.0,39.0
2021-10-02 00:00:00+00:00,82.0,107.0,5.0,1.0,5.0,56.0
2021-10-03 00:00:00+00:00,87.0,87.0,4.0,1.0,5.0,33.0
2021-10-04 00:00:00+00:00,66.0,58.0,3.0,1.0,5.0,28.0
2021-10-05 00:00:00+00:00,57.0,57.0,3.0,1.0,5.0,38.0
2021-10-06 00:00:00+00:00,67.0,63.0,2.0,1.0,5.0,22.0
2021-10-07 00:00:00+00:00,75.0,67.0,2.0,1.0,5.0,37.0
2021-10-08 00:00:00+00:00,91.0,69.0,2.0,1.0,5.0,31.0
2021-10-09 00:00:00+00:00,96.0,59.0,2.0,1.0,5.0,12.0
2021-10-10 00:00:00+00:00,102.0,49.0,2.0,1.0,5.0,18.0
2021-10-11 00:00:00+00:00,151.0,39.0,2.0,1.0,5.0,25.0
2021-10-12 00:00:00+00:00,200.0,51.0,2.0,1.0,5.0,33.0
2021-10-13 00:00:00+00:00,43.0,56.0,2.0,1.0,5.0,21.0
2021-10-14 00:00:00+00:00,42.0,62.0,2.0,1.0,5.0,32.0
2021-10-15 00:00:00+00:00,40.0,55.0,2.0,1.0,5.0,36.0
2021-10-16 00:00:00+00:00,60.0,91.0,2.0,1.0,5.0,49.0
2021-10-17 00:00:00+00:00,30.0,76.0,2.0,1.0,5.0,29.0
2021-10-18 00:00:00+00:00,47.0,47.0,3.0,1.0,5.0,24.0
2021-10-19 00:00:00+00:00,64.0,50.0,4.0,1.0,5.0,31.0
2021-10-20 00:00:00+00:00,98.0,56.0,7.0,1.0,5.0,20.0
2021-10-21 00:00:00+00:00,133.0,60.0,12.0,1.0,5.0,31.0
2021-10-22 00:00:00+00:00,176.0,59.0,21.0,1.0,5.0,33.0
2021-10-23 00:00:00+00:00,112.0,89.0,31.0,1.0,5.0,48.0
2021-10-24 00:00:00+00:00,69.0,73.0,10.0,1.0,5.0,34.0
2021-10-25 00:00:00+00:00,56.0,45.0,9.0,1.0,5.0,20.0
2021-10-26 00:00:00+00:00,55.0,40.0,8.0,1.0,5.0,20.0
2021-10-27 00:00:00+00:00,68.0,50.0,8.0,1.0,5.0,23.0
2021-10-28 00:00:00+00:00,81.0,49.0,7.0,1.0,5.0,23.0
2021-10-29 00:00:00+00:00,72.0,67.0,6.0,1.0,5.0,24.0
2021-10-30 00:00:00+00:00,65.0,85.0,5.0,1.0,5.0,40.0
2021-10-31 00:00:00+00:00,75.0,52.0,5.0,1.0,5.0,19.0
2021-11-01 00:00:00+00:00,126.0,13.0,4.0,1.0,5.0,14.0
2021-11-02 00:00:00+00:00,176.0,16.0,5.0,1.0,5.0,4.0
2021-11-03 00:00:00+00:00,174.0,18.0,6.0,1.0,5.0,7.0
2021-11-04 00:00:00+00:00,168.0,15.0,8.0,1.0,5.0,8.0
2021-11-05 00:00:00+00:00,150.0,22.0,13.0,1.0,5.0,8.0
2021-11-06 00:00:00+00:00,112.0,29.0,18.0,1.0,2.0,14.0
2021-11-07 00:00:00+00:00,123.0,17.0,5.0,1.0,2.0,3.0
2021-11-08 00:00:00+00:00,184.0,7.0,4.0,1.0,2.0,4.0
2021-11-09 00:00:00+00:00,131.0,8.0,2.0,1.0,2.0,3.0
2021-11-10 00:00:00+00:00,64.0,10.0,2.0,1.0,2.0,4.0
2021-11-11 00:00:00+00:00,70.0,7.0,2.0,1.0,2.0,4.0
2021-11-12 00:00:00+00:00,82.0,11.0,2.0,1.0,2.0,3.0
2021-11-13 00:00:00+00:00,61.0,8.0,2.0,1.0,2.0,5.0
2021-11-14 00:00:00+00:00,81.0,6.0,2.0,1.0,2.0,4.0
2021-11-15 00:00:00+00:00,70.0,7.0,2.0,1.0,2.0,4.0
2021-11-16 00:00:00+00:00,63.0,5.0,2.0,1.0,2.0,4.0
2021-11-17 00:00:00+00:00,48.0,7.0,2.0,1.0,2.0,3.0
2021-11-18 00:00:00+00:00,64.0,5.0,2.0,1.0,2.0,4.0
2021-11-19 00:00:00+00:00,68.0,5.0,2.0,1.0,2.0,4.0
2021-11-20 00:00:00+00:00,66.0,8.0,2.0,1.0,2.0,3.0
2021-11-21 00:00:00+00:00,114.0,8.0,2.0,1.0,2.0,5.0
2021-11-22 00:00:00+00:00,163.0,6.0,2.0,1.0,2.0,3.0
2021-11-23 00:00:00+00:00,106.0,6.0,2.0,1.0,2.0,3.0
2021-11-24 00:00:00+00:00,49.0,5.0,2.0,1.0,2.0,3.0
2021-11-25 00:00:00+00:00,63.0,4.0,2.0,1.0,2.0,2.0
2021-11-26 00:00:00+00:00,96.0,6.0,2.0,1.0,2.0,3.0
2021-11-27 00:00:00+00:00,130.0,5.0,3.0,1.0,2.0,4.0
2021-11-28 00:00:00+00:00,164.0,8.0,4.0,1.0,2.0,4.0
2021-11-29 00:00:00+00:00,114.0,3.0,3.0,1.0,2.0,3.0
2021-11-30 00:00:00+00:00,119.0,4.0,2.0,1.0,2.0,4.0
2021-12-01 00:00:00+00:00,108.0,5.0,2.0,1.0,2.0,3.0
2021-12-02 00:00:00+00:00,145.0,7.0,2.0,1.0,2.0,4.0
2021-12-03 00:00:00+00:00,190.0,9.0,2.0,1.0,2.0,4.0
2021-12-04 00:00:00+00:00,117.0,7.0,2.0,1.0,2.0,3.0
2021-12-05 00:00:00+00:00,102.0,6.0,2.0,1.0,2.0,5.0
2021-12-06 00:00:00+00:00,169.0,6.0,2.0,1.0,2.0,3.0
2021-12-07 00:00:00+00:00,118.0,5.0,2.0,1.0,2.0,3.0
2021-12-08 00:00:00+00:00,96.0,6.0,2.0,1.0,2.0,3.0
2021-12-09 00:00:00+00:00,117.0,7.0,2.0,1.0,2.0,4.0
2021-12-10 00:00:00+00:00,178.0,6.0,2.0,1.0,2.0,2.0
2021-12-11 00:00:00+00:00,138.0,4.0,2.0,1.0,2.0,3.0
2021-12-12 00:00:00+00:00,156.0,6.0,2.0,1.0,2.0,4.0
2021-12-13 00:00:00+00:00,135.0,6.0,2.0,1.0,2.0,2.0
2021-12-14 00:00:00+00:00,35.0,3.0,2.0,1.0,2.0,3.0
2021-12-15 00:00:00+00:00,58.0,5.0,2.0,1.0,2.0,4.0
2021-12-16 00:00:00+00:00,49.0,3.0,2.0,1.0,2.0,4.0
2021-12-17 00:00:00+00:00,67.0,4.0,2.0,1.0,2.0,6.0
2021-12-18 00:00:00+00:00,55.0,3.0,2.0,1.0,2.0,4.0
2021-12-19 00:00:00+00:00,70.0,5.0,2.0,1.0,2.0,4.0
2021-12-20 00:00:00+00:00,66.0,7.0,2.0,1.0,2.0,5.0
2021-12-21 00:00:00+00:00,74.0,5.0,2.0,1.0,2.0,5.0
2021-12-22 00:00:00+00:00,77.0,4.0,2.0,1.0,2.0,6.0
2021-12-23 00:00:00+00:00,108.0,6.0,2.0,1.0,2.0,7.0
2021-12-24 00:00:00+00:00,140.0,4.0,2.0,1.0,2.0,4.0
2021-12-25 00:00:00+00:00,148.0,4.0,2.0,1.0,2.0,4.0
2021-12-26 00:00:00+00:00,157.0,7.0,2.0,1.0,2.0,5.0
2021-12-27 00:00:00+00:00,203.0,6.0,2.0,1.0,2.0,5.0
2021-12-28 00:00:00+00:00,162.0,9.0,2.0,1.0,2.0,7.0
2021-12-29 00:00:00+00:00,71.0,6.0,2.0,1.0,2.0,4.0
2021-12-30 00:00:00+00:00,35.0,7.0,2.0,1.0,2.0,4.0
2021-12-31 00:00:00+00:00,56.0,7.0,2.0,1.0,2.0,5.0
2022-01-01 00:00:00+00:00,78.0,4.0,3.0,1.0,2.0,4.0
2022-01-02 00:00:00+00:00,118.0,7.0,3.0,1.0,2.0,4.0
2022-01-03 00:00:00+00:00,186.0,6.0,3.0,1.0,2.0,4.0
2022-01-04 00:00:00+00:00,180.0,6.0,3.0,1.0,2.0,4.0
2022-01-05 00:00:00+00:00,173.0,5.0,4.0,1.0,2.0,4.0
2022-01-06 00:00:00+00:00,160.0,4.0,2.0,1.0,2.0,4.0
2022-01-07 00:00:00+00:00,196.0,6.0,2.0,1.0,2.0,4.0
2022-01-08 00:00:00+00:00,121.0,9.0,2.0,1.0,2.0,6.0
2022-01-09 00:00:00+00:00,75.0,8.0,2.0,1.0,2.0,6.0
2022-01-10 00:00:00+00:00,95.0,7.0,2.0,1.0,2.0,5.0
2022-01-11 00:00:00+00:00,51.0,6.0,2.0,1.0,2.0,3.0
2022-01-12 00:00:00+00:00,60.0,9.0,2.0,1.0,2.0,4.0
2022-01-13 00:00:00+00:00,56.0,7.0,2.0,1.0,2.0,4.0
2022-01-14 00:00:00+00:00,63.0,7.0,2.0,1.0,2.0,4.0
2022-01-15 00:00:00+00:00,38.0,8.0,2.0,1.0,2.0,2.0
2022-01-16 00:00:00+00:00,58.0,6.0,2.0,1.0,2.0,3.0
2022-01-17 00:00:00+00:00,102.0,8.0,2.0,1.0,2.0,5.0
2022-01-18 00:00:00+00:00,87.0,5.0,2.0,1.0,2.0,2.0
2022-01-19 00:00:00+00:00,72.0,3.0,2.0,1.0,2.0,3.0
2022-01-20 00:00:00+00:00,108.0,3.0,2.0,1.0,2.0,4.0
2022-01-21 00:00:00+00:00,146.0,5.0,2.0,1.0,2.0,3.0
2022-01-22 00:00:00+00:00,50.0,3.0,2.0,1.0,2.0,4.0
2022-01-23 00:00:00+00:00,63.0,3.0,2.0,1.0,2.0,5.0
2022-01-24 00:00:00+00:00,56.0,3.0,2.0,1.0,2.0,5.0
2022-01-25 00:00:00+00:00,49.0,4.0,2.0,1.0,2.0,4.0
2022-01-26 00:00:00+00:00,42.0,6.0,2.0,1.0,2.0,4.0
2022-01-27 00:00:00+00:00,75.0,8.0,2.0,1.0,2.0,4.0
2022-01-28 00:00:00+00:00,108.0,6.0,2.0,1.0,2.0,4.0
2022-01-29 00:00:00+00:00,52.0,5.0,2.0,1.0,2.0,5.0
2022-01-30 00:00:00+00:00,66.0,3.0,2.0,1.0,2.0,6.0
2022-01-31 00:00:00+00:00,65.0,5.0,2.0,1.0,2.0,6.0
2022-02-01 00:00:00+00:00,34.0,5.0,2.0,1.0,2.0,5.0
2022-02-02 00:00:00+00:00,34.0,3.0,2.0,1.0,2.0,4.0
2022-02-03 00:00:00+00:00,33.0,5.0,2.0,1.0,2.0,4.0
2022-02-04 00:00:00+00:00,58.0,5.0,2.0,1.0,2.0,3.0
2022-02-05 00:00:00+00:00,51.0,6.0,2.0,1.0,2.0,4.0
2022-02-06 00:00:00+00:00,67.0,6.0,2.0,1.0,2.0,5.0
2022-02-07 00:00:00+00:00,54.0,4.0,2.0,1.0,2.0,4.0
2022-02-08 00:00:00+00:00,42.0,3.0,2.0,1.0,2.0,3.0
2022-02-09 00:00:00+00:00,56.0,5.0,3.0,1.0,2.0,4.0
2022-02-10 00:00:00+00:00,71.0,4.0,4.0,1.0,2.0,5.0
2022-02-11 00:00:00+00:00,106.0,5.0,4.0,1.0,2.0,3.0
2022-02-12 00:00:00+00:00,100.0,4.0,4.0,1.0,2.0,4.0
2022-02-13 00:00:00+00:00,58.0,4.0,4.0,1.0,2.0,4.0
2022-02-14 00:00:00+00:00,51.0,6.0,4.0,1.0,2.0,5.0
2022-02-15 00:00:00+00:00,68.0,4.0,3.0,1.0,2.0,5.0
2022-02-16 00:00:00+00:00,112.0,4.0,3.0,1.0,2.0,3.0
2022-02-17 00:00:00+00:00,141.0,4.0,3.0,1.0,2.0,4.0
2022-02-18 00:00:00+00:00,61.0,5.0,3.0,1.0,2.0,4.0
2022-02-19 00:00:00+00:00,96.0,6.0,4.0,1.0,2.0,4.0
2022-02-20 00:00:00+00:00,130.0,3.0,5.0,1.0,2.0,4.0
2022-02-21 00:00:00+00:00,144.0,5.0,5.0,1.0,2.0,6.0
2022-02-22 00:00:00+00:00,120.0,6.0,5.0,1.0,2.0,6.0
2022-02-23 00:00:00+00:00,56.0,4.0,5.0,1.0,2.0,7.0
2022-02-24 00:00:00+00:00,49.0,5.0,4.0,1.0,2.0,5.0
2022-02-25 00:00:00+00:00,70.0,5.0,4.0,1.0,2.0,6.0
2022-02-26 00:00:00+00:00,124.0,3.0,4.0,1.0,2.0,5.0
2022-02-27 00:00:00+00:00,178.0,5.0,4.0,1.0,2.0,3.0
2022-02-28 00:00:00+00:00,75.0,7.0,4.0,1.0,2.0,5.0
2022-03-01 00:00:00+00:00,46.0,5.0,4.0,1.0,2.0,5.0
2022-03-02 00:00:00+00:00,70.0,7.0,3.0,1.0,2.0,6.0
2022-03-03 00:00:00+00:00,94.0,6.0,3.0,1.0,2.0,5.0
2022-03-04 00:00:00+00:00,140.0,8.0,3.0,1.0,2.0,5.0
2022-03-05 00:00:00+00:00,89.0,6.0,3.0,1.0,2.0,6.0
2022-03-06 00:00:00+00:00,90.0,5.0,3.0,1.0,2.0,6.0
2022-03-07 00:00:00+00:00,73.0,5.0,2.0,1.0,2.0,4.0
2022-03-08 00:00:00+00:00,53.0,6.0,2.0,1.0,2.0,6.0
2022-03-09 00:00:00+00:00,56.0,8.0,2.0,1.0,2.0,5.0
2022-03-10 00:00:00+00:00,48.0,5.0,2.0,1.0,2.0,5.0
2022-03-11 00:00:00+00:00,62.0,5.0,2.0,1.0,2.0,5.0
2022-03-12 00:00:00+00:00,48.0,7.0,2.0,1.0,2.0,6.0
2022-03-13 00:00:00+00:00,60.0,7.0,2.0,1.0,2.0,6.0
2022-03-14 00:00:00+00:00,53.0,8.0,2.0,1.0,2.0,4.0
2022-03-15 00:00:00+00:00,82.0,7.0,2.0,1.0,2.0,5.0
2022-03-16 00:00:00+00:00,111.0,7.0,2.0,1.0,2.0,5.0
2022-03-17 00:00:00+00:00,54.0,6.0,2.0,1.0,2.0,5.0
2022-03-18 00:00:00+00:00,51.0,8.0,2.0,1.0,2.0,4.0
2022-03-19 00:00:00+00:00,52.0,7.0,2.0,1.0,2.0,4.0
2022-03-20 00:00:00+00:00,68.0,7.0,2.0,1.0,2.0,6.0
2022-03-21 00:00:00+00:00,58.0,10.0,2.0,1.0,2.0,6.0
2022-03-22 00:00:00+00:00,31.0,6.0,3.0,1.0,2.0,5.0
2022-03-23 00:00:00+00:00,41.0,7.0,4.0,1.0,2.0,5.0
2022-03-24 00:00:00+00:00,56.0,8.0,6.0,1.0,2.0,5.0
2022-03-25 00:00:00+00:00,87.0,11.0,10.0,1.0,2.0,5.0
2022-03-26 00:00:00+00:00,121.0,14.0,8.0,1.0,2.0,4.0
2022-03-27 00:00:00+00:00,155.0,16.0,6.0,1.0,2.0,5.0
2022-03-28 00:00:00+00:00,149.0,14.0,4.0,1.0,2.0,6.0
2022-03-29 00:00:00+00:00,143.0,11.0,4.0,1.0,2.0,7.0
2022-03-30 00:00:00+00:00,147.0,17.0,5.0,1.0,2.0,9.0
2022-03-31 00:00:00+00:00,163.0,12.0,6.0,1.0,2.0,11.0
2022-04-01 00:00:00+00:00,210.0,18.0,7.0,1.0,2.0,9.0
2022-04-02 00:00:00+00:00,187.0,24.0,6.0,1.0,2.0,7.0
2022-04-03 00:00:00+00:00,200.0,17.0,5.0,1.0,2.0,8.0
2022-04-04 00:00:00+00:00,86.0,17.0,6.0,1.0,2.0,8.0
2022-04-05 00:00:00+00:00,58.0,15.0,4.0,1.0,2.0,6.0
2022-04-06 00:00:00+00:00,81.0,22.0,7.0,1.0,2.0,7.0
2022-04-07 00:00:00+00:00,104.0,20.0,10.0,1.0,2.0,8.0
2022-04-08 00:00:00+00:00,127.0,26.0,17.0,1.0,2.0,8.0
2022-04-09 00:00:00+00:00,169.0,33.0,24.0,1.0,2.0,8.0
2022-04-10 00:00:00+00:00,214.0,39.0,10.0,1.0,3.0,12.0
2022-04-11 00:00:00+00:00,172.0,15.0,6.0,1.0,2.0,9.0
2022-04-12 00:00:00+00:00,130.0,23.0,7.0,1.0,2.0,4.0
2022-04-13 00:00:00+00:00,69.0,25.0,8.0,1.0,2.0,6.0
2022-04-14 00:00:00+00:00,57.0,41.0,14.0,1.0,2.0,10.0
2022-04-15 00:00:00+00:00,79.0,37.0,19.0,1.0,2.0,12.0
2022-04-16 00:00:00+00:00,135.0,44.0,29.0,1.0,3.0,12.0
2022-04-17 00:00:00+00:00,77.0,37.0,16.0,1.0,2.0,19.0
2022-04-18 00:00:00+00:00,76.0,30.0,9.0,1.0,2.0,8.0
2022-04-19 00:00:00+00:00,130.0,30.0,8.0,1.0,2.0,8.0
2022-04-20 00:00:00+00:00,185.0,30.0,8.0,1.0,3.0,10.0
2022-04-21 00:00:00+00:00,210.0,37.0,14.0,1.0,3.0,12.0
2022-04-22 00:00:00+00:00,236.0,34.0,20.0,1.0,4.0,12.0
2022-04-23 00:00:00+00:00,210.0,53.0,28.0,1.0,6.0,16.0
2022-04-24 00:00:00+00:00,128.0,66.0,24.0,1.0,8.0,14.0
2022-04-25 00:00:00+00:00,189.0,25.0,23.0,1.0,12.0,12.0
2022-04-26 00:00:00+00:00,166.0,30.0,25.0,1.0,4.0,14.0
2022-04-27 00:00:00+00:00,83.0,27.0,22.0,1.0,3.0,8.0
2022-04-28 00:00:00+00:00,142.0,35.0,22.0,1.0,2.0,14.0
2022-04-29 00:00:00+00:00,94.0,42.0,22.0,1.0,2.0,24.0
2022-04-30 00:00:00+00:00,65.0,54.0,18.0,1.0,2.0,33.0
2022-05-01 00:00:00+00:00,63.0,82.0,16.0,1.0,2.0,39.0
2022-05-02 00:00:00+00:00,88.0,41.0,12.0,1.0,3.0,18.0
2022-05-03 00:00:00+00:00,71.0,50.0,7.0,1.0,3.0,29.0
2022-05-04 00:00:00+00:00,56.0,44.0,12.0,1.0,4.0,22.0
2022-05-05 00:00:00+00:00,81.0,54.0,18.0,1.0,5.0,26.0
2022-05-06 00:00:00+00:00,63.0,53.0,18.0,1.0,5.0,37.0
2022-05-07 00:00:00+00:00,89.0,77.0,23.0,1.0,4.0,48.0
2022-05-08 00:00:00+00:00,84.0,91.0,15.0,1.0,3.0,38.0
2022-05-09 00:00:00+00:00,84.0,38.0,19.0,1.0,4.0,18.0
2022-05-10 00:00:00+00:00,109.0,46.0,16.0,1.0,4.0,29.0
2022-05-11 00:00:00+00:00,64.0,54.0,12.0,1.0,5.0,24.0
2022-05-12 00:00:00+00:00,96.0,51.0,21.0,1.0,6.0,26.0
2022-05-13 00:00:00+00:00,128.0,56.0,30.0,1.0,2.0,38.0
2022-05-14 00:00:00+00:00,178.0,87.0,50.0,1.0,2.0,51.0
2022-05-15 00:00:00+00:00,146.0,100.0,30.0,1.0,3.0,39.0
2022-05-16 00:00:00+00:00,56.0,40.0,27.0,1.0,4.0,22.0
2022-05-17 00:00:00+00:00,85.0,52.0,34.0,1.0,4.0,28.0
2022-05-18 00:00:00+00:00,146.0,58.0,26.0,1.0,4.0,25.0
2022-05-19 00:00:00+00:00,46.0,58.0,29.0,1.0,3.0,31.0
2022-05-20 00:00:00+00:00,63.0,60.0,32.0,1.0,5.0,34.0
2022-05-21 00:00:00+00:00,103.0,90.0,35.0,1.0,7.0,53.0
2022-05-22 00:00:00+00:00,143.0,103.0,37.0,1.0,7.0,41.0
2022-05-23 00:00:00+00:00,106.0,48.0,27.0,1.0,5.0,23.0
2022-05-24 00:00:00+00:00,154.0,65.0,28.0,1.0,4.0,37.0
2022-05-25 00:00:00+00:00,203.0,74.0,32.0,1.0,2.0,35.0
2022-05-26 00:00:00+00:00,97.0,74.0,20.0,1.0,3.0,37.0
2022-05-27 00:00:00+00:00,154.0,71.0,31.0,1.0,3.0,35.0
2022-05-28 00:00:00+00:00,211.0,94.0,47.0,1.0,4.0,54.0
2022-05-29 00:00:00+00:00,227.0,103.0,27.0,1.0,6.0,47.0
2022-05-30 00:00:00+00:00,166.0,64.0,25.0,1.0,9.0,32.0
2022-05-31 00:00:00+00:00,118.0,77.0,25.0,1.0,8.0,35.0
2022-06-01 00:00:00+00:00,69.0,90.0,25.0,1.0,8.0,38.0
2022-06-02 00:00:00+00:00,61.0,83.0,24.0,1.0,5.0,40.0
2022-06-03 00:00:00+00:00,52.0,86.0,22.0,1.0,2.0,48.0
2022-06-04 00:00:00+00:00,49.0,101.0,31.0,1.0,3.0,53.0
2022-06-05 00:00:00+00:00,37.0,118.0,24.0,1.0,5.0,50.0
2022-06-06 00:00:00+00:00,32.0,86.0,18.0,1.0,7.0,36.0
2022-06-07 00:00:00+00:00,26.0,81.0,20.0,1.0,3.0,51.0
2022-06-08 00:00:00+00:00,20.0,83.0,21.0,1.0,2.0,42.0
2022-06-09 00:00:00+00:00,15.0,89.0,33.0,1.0,2.0,39.0
2022-06-10 00:00:00+00:00,18.0,90.0,21.0,1.0,3.0,47.0
2022-06-11 00:00:00+00:00,9.0,107.0,28.0,1.0,4.0,58.0
2022-06-12 00:00:00+00:00,16.0,126.0,44.0,1.0,3.0,50.0
2022-06-13 00:00:00+00:00,24.0,86.0,31.0,1.0,2.0,41.0
2022-06-14 00:00:00+00:00,37.0,93.0,29.0,1.0,2.0,59.0
2022-06-15 00:00:00+00:00,51.0,90.0,27.0,1.0,3.0,45.0
2022-06-16 00:00:00+00:00,61.0,75.0,32.0,1.0,4.0,44.0
2022-06-17 00:00:00+00:00,44.0,80.0,37.0,1.0,4.0,45.0
2022-06-18 00:00:00+00:00,45.0,82.0,37.0,1.0,4.0,46.0
2022-06-19 00:00:00+00:00,45.0,84.0,37.0,1.0,4.0,47.0
2022-06-20 00:00:00+00:00,46.0,86.0,37.0,1.0,4.0,48.0
2022-06-21 00:00:00+00:00,46.0,89.0,37.0,1.0,4.0,49.0
2022-06-22 00:00:00+00:00,47.0,91.0,37.0,1.0,4.0,50.0
2022-06-23 00:00:00+00:00,47.0,93.0,37.0,1.0,4.0,51.0
2022-06-24 00:00:00+00:00,48.0,95.0,37.0,1.0,4.0,52.0
2022-06-25 00:00:00+00:00,49.0,97.0,37.0,1.0,4.0,53.0
2022-06-26 00:00:00+00:00,49.0,99.0,37.0,1.0,4.0,54.0
2022-06-27 00:00:00+00:00,50.0,101.0,37.0,1.0,4.0,55.0
2022-06-28 00:00:00+00:00,50.0,104.0,37.0,1.0,4.0,56.0
2022-06-29 00:00:00+00:00,51.0,106.0,37.0,1.0,4.0,57.0
2022-06-30 00:00:00+00:00,51.0,108.0,37.0,1.0,4.0,58.0
2022-07-01 00:00:00+00:00,52.0,110.0,37.0,1.0,4.0,59.0
2022-07-02 00:00:00+00:00,60.0,120.0,37.0,1.0,2.0,66.0
2022-07-03 00:00:00+00:00,100.0,134.0,37.0,1.0,2.0,63.0
2022-07-04 00:00:00+00:00,174.0,102.0,37.0,1.0,3.0,42.0
2022-07-05 00:00:00+00:00,112.0,88.0,37.0,1.0,2.0,54.0
2022-07-06 00:00:00+00:00,67.0,112.0,37.0,1.0,2.0,52.0
2022-07-07 00:00:00+00:00,82.0,112.0,37.0,1.0,2.0,55.0
2022-07-08 00:00:00+00:00,97.0,112.0,37.0,1.0,2.0,58.0
2022-07-09 00:00:00+00:00,72.0,127.0,37.0,1.0,2.0,71.0
2022-07-10 00:00:00+00:00,76.0,130.0,37.0,1.0,2.0,57.0
2022-07-11 00:00:00+00:00,80.0,100.0,37.0,1.0,2.0,46.0
2022-07-12 00:00:00+00:00,61.0,107.0,37.0,1.0,2.0,69.0
2022-07-13 00:00:00+00:00,72.0,110.0,37.0,1.0,2.0,55.0
2022-07-14 00:00:00+00:00,90.0,102.0,37.0,1.0,3.0,54.0
2022-07-15 00:00:00+00:00,109.0,109.0,37.0,1.0,4.0,54.0
2022-07-16 00:00:00+00:00,52.0,123.0,37.0,1.0,5.0,65.0
2022-07-17 00:00:00+00:00,67.0,124.0,37.0,1.0,7.0,61.0
2022-07-18 00:00:00+00:00,43.0,95.0,37.0,1.0,4.0,45.0
2022-07-19 00:00:00+00:00,59.0,108.0,37.0,1.0,3.0,71.0
2022-07-20 00:00:00+00:00,54.0,111.0,37.0,1.0,2.0,52.0
2022-07-21 00:00:00+00:00,74.0,106.0,37.0,1.0,2.0,60.0
2022-07-22 00:00:00+00:00,70.0,107.0,37.0,1.0,2.0,55.0
2022-07-23 00:00:00+00:00,68.0,127.0,37.0,1.0,3.0,67.0
2022-07-24 00:00:00+00:00,47.0,137.0,37.0,1.0,4.0,58.0
2022-07-25 00:00:00+00:00,72.0,126.0,37.0,1.0,5.0,63.0
2022-07-26 00:00:00+00:00,97.0,116.0,37.0,1.0,8.0,68.0
2022-07-27 00:00:00+00:00,138.0,112.0,37.0,1.0,13.0,55.0
2022-07-28 00:00:00+00:00,179.0,102.0,37.0,1.0,19.0,59.0
2022-07-29 00:00:00+00:00,88.0,112.0,37.0,1.0,27.0,57.0
2022-07-30 00:00:00+00:00,105.0,125.0,37.0,1.0,39.0,69.0
2022-07-31 00:00:00+00:00,87.0,134.0,37.0,1.0,58.0,63.0
2022-08-01 00:00:00+00:00,78.0,101.0,37.0,1.0,86.0,49.0
2022-08-02 00:00:00+00:00,81.0,114.0,37.0,1.0,83.0,72.0
2022-08-03 00:00:00+00:00,70.0,112.0,37.0,1.0,80.0,55.0
2022-08-04 00:00:00+00:00,48.0,111.0,37.0,1.0,84.0,59.0
2022-08-05 00:00:00+00:00,62.0,109.0,37.0,1.0,85.0,57.0
2022-08-06 00:00:00+00:00,69.0,130.0,37.0,1.0,81.0,70.0
2022-08-07 00:00:00+00:00,65.0,136.0,37.0,1.0,78.0,61.0
2022-08-08 00:00:00+00:00,63.0,92.0,37.0,1.0,86.0,53.0
2022-08-09 00:00:00+00:00,68.0,112.0,37.0,1.0,78.0,69.0
2022-08-10 00:00:00+00:00,61.0,118.0,37.0,1.0,95.0,53.0
2022-08-11 00:00:00+00:00,80.0,100.0,37.0,1.0,84.0,54.0
2022-08-12 00:00:00+00:00,82.0,104.0,37.0,1.0,95.0,51.0
2022-08-13 00:00:00+00:00,101.0,134.0,37.0,1.0,95.0,69.0
2022-08-14 00:00:00+00:00,170.0,131.0,37.0,1.0,75.0,62.0
2022-08-15 00:00:00+00:00,131.0,100.0,37.0,1.0,86.0,57.0
2022-08-16 00:00:00+00:00,168.0,106.0,37.0,1.0,74.0,67.0
2022-08-17 00:00:00+00:00,89.0,113.0,37.0,1.0,62.0,56.0
2022-08-18 00:00:00+00:00,74.0,100.0,37.0,1.0,85.0,58.0
2022-08-19 00:00:00+00:00,66.0,114.0,37.0,1.0,90.0,57.0
2022-08-20 00:00:00+00:00,99.0,133.0,37.0,1.0,86.0,73.0
2022-08-21 00:00:00+00:00,120.0,132.0,37.0,1.0,83.0,65.0
2022-08-22 00:00:00+00:00,88.0,92.0,37.0,1.0,95.0,48.0
2022-08-23 00:00:00+00:00,96.0,112.0,37.0,1.0,57.0,70.0
2022-08-24 00:00:00+00:00,103.0,110.0,37.0,1.0,52.0,57.0
2022-08-25 00:00:00+00:00,58.0,111.0,37.0,1.0,46.0,56.0
2022-08-26 00:00:00+00:00,42.0,112.0,37.0,1.0,71.0,55.0
2022-08-27 00:00:00+00:00,26.0,127.0,37.0,1.0,77.0,68.0
2022-08-28 00:00:00+00:00,38.0,137.0,37.0,1.0,72.0,60.0
2022-08-29 00:00:00+00:00,50.0,122.0,37.0,1.0,74.0,63.0
2022-08-30 00:00:00+00:00,74.0,108.0,37.0,1.0,75.0,66.0
2022-08-31 00:00:00+00:00,86.0,100.0,37.0,1.0,72.0,58.0
2022-09-01 00:00:00+00:00,97.0,93.0,37.0,1.0,69.0,51.0
2022-09-02 00:00:00+00:00,174.0,93.0,37.0,1.0,74.0,56.0
2022-09-03 00:00:00+00:00,95.0,126.0,37.0,1.0,80.0,66.0
2022-09-04 00:00:00+00:00,62.0,128.0,37.0,1.0,61.0,59.0
2022-09-05 00:00:00+00:00,57.0,85.0,37.0,1.0,68.0,47.0
2022-09-06 00:00:00+00:00,63.0,95.0,37.0,1.0,66.0,59.0
2022-09-07 00:00:00+00:00,76.0,91.0,37.0,1.0,78.0,47.0
2022-09-08 00:00:00+00:00,88.0,91.0,37.0,1.0,73.0,47.0
2022-09-09 00:00:00+00:00,132.0,98.0,37.0,1.0,75.0,52.0
2022-09-10 00:00:00+00:00,171.0,117.0,37.0,1.0,85.0,60.0
2022-09-11 00:00:00+00:00,148.0,126.0,37.0,1.0,75.0,56.0
2022-09-12 00:00:00+00:00,110.0,83.0,37.0,1.0,81.0,42.0
2022-09-13 00:00:00+00:00,132.0,93.0,37.0,1.0,79.0,58.0
2022-09-14 00:00:00+00:00,154.0,90.0,37.0,1.0,77.0,43.0
2022-09-15 00:00:00+00:00,237.0,87.0,37.0,1.0,77.0,45.0
2022-09-16 00:00:00+00:00,273.0,87.0,37.0,1.0,79.0,52.0
2022-09-17 00:00:00+00:00,293.0,118.0,37.0,1.0,86.0,63.0
2022-09-18 00:00:00+00:00,228.0,119.0,37.0,1.0,72.0,53.0
2022-09-19 00:00:00+00:00,88.0,83.0,37.0,1.0,78.0,41.0
2022-09-20 00:00:00+00:00,66.0,90.0,37.0,1.0,77.0,60.0
2022-09-21 00:00:00+00:00,76.0,84.0,37.0,1.0,71.0,44.0
2022-09-22 00:00:00+00:00,61.0,79.0,37.0,1.0,76.0,46.0
2022-09-23 00:00:00+00:00,72.0,86.0,37.0,1.0,72.0,50.0
2022-09-24 00:00:00+00:00,114.0,113.0,37.0,1.0,74.0,64.0
2022-09-25 00:00:00+00:00,157.0,107.0,37.0,1.0,60.0,53.0
2022-09-26 00:00:00+00:00,280.0,77.0,37.0,1.0,66.0,38.0
2022-09-27 00:00:00+00:00,265.0,83.0,37.0,1.0,63.0,53.0
2022-09-28 00:00:00+00:00,276.0,84.0,37.0,1.0,62.0,47.0
2022-09-29 00:00:00+00:00,288.0,84.0,37.0,1.0,61.0,41.0
2022-09-30 00:00:00+00:00,251.0,77.0,37.0,1.0,78.0,47.0
2022-10-01 00:00:00+00:00,269.0,104.0,37.0,1.0,72.0,56.0
2022-10-02 00:00:00+00:00,73.0,108.0,37.0,1.0,67.0,49.0
2022-10-03 00:00:00+00:00,89.0,77.0,37.0,1.0,72.0,35.0
2022-10-04 00:00:00+00:00,74.0,70.0,37.0,1.0,65.0,53.0
2022-10-05 00:00:00+00:00,63.0,72.0,37.0,1.0,64.0,33.0
2022-10-06 00:00:00+00:00,61.0,73.0,37.0,1.0,62.0,38.0
2022-10-07 00:00:00+00:00,45.0,79.0,37.0,1.0,67.0,42.0
2022-10-08 00:00:00+00:00,66.0,96.0,37.0,1.0,64.0,51.0
2022-10-09 00:00:00+00:00,87.0,100.0,37.0,1.0,55.0,46.0
2022-10-10 00:00:00+00:00,53.0,61.0,37.0,1.0,62.0,34.0
2022-10-11 00:00:00+00:00,81.0,65.0,37.0,1.0,62.0,43.0
2022-10-12 00:00:00+00:00,71.0,70.0,37.0,1.0,56.0,29.0
2022-10-13 00:00:00+00:00,70.0,73.0,37.0,1.0,59.0,37.0
2022-10-14 00:00:00+00:00,84.0,68.0,37.0,1.0,64.0,35.0
2022-10-15 00:00:00+00:00,66.0,94.0,37.0,1.0,70.0,54.0
2022-10-16 00:00:00+00:00,65.0,92.0,37.0,1.0,52.0,51.0
2022-10-17 00:00:00+00:00,44.0,61.0,37.0,1.0,62.0,32.0
2022-10-18 00:00:00+00:00,43.0,57.0,37.0,1.0,62.0,40.0
2022-10-19 00:00:00+00:00,52.0,63.0,37.0,1.0,55.0,29.0
2022-10-20 00:00:00+00:00,43.0,60.0,37.0,1.0,58.0,37.0
2022-10-21 00:00:00+00:00,51.0,53.0,37.0,1.0,65.0,33.0
2022-10-22 00:00:00+00:00,73.0,82.0,37.0,1.0,30.0,46.0
2022-10-23 00:00:00+00:00,51.0,76.0,37.0,1.0,16.0,39.0
2022-10-24 00:00:00+00:00,44.0,49.0,37.0,1.0,28.0,25.0
2022-10-25 00:00:00+00:00,50.0,46.0,37.0,1.0,41.0,34.0
2022-10-26 00:00:00+00:00,58.0,65.0,37.0,1.0,53.0,29.0
2022-10-27 00:00:00+00:00,75.0,59.0,37.0,1.0,58.0,30.0
2022-10-28 00:00:00+00:00,88.0,46.0,37.0,1.0,53.0,25.0
2022-10-29 00:00:00+00:00,94.0,51.0,37.0,1.0,54.0,29.0
2022-10-30 00:00:00+00:00,100.0,56.0,37.0,1.0,56.0,33.0
2022-10-31 00:00:00+00:00,68.0,29.0,37.0,1.0,49.0,21.0
